[表題行],部門,勘定科目,補助科目,日付,伝票No.,作業日付,仕訳番号,決算,調整,付箋１,付箋２,タイプ,生成元,部門,税区分,税計算区分,相手勘定科目,相手補助科目,相手部門,相手税区分,相手税計算区分,借方金額,借方税額,貸方金額,貸方税額,金額,残高,摘要,請求書区分,仕入税額控除,期日,番号,仕訳メモ
[前期繰越行],,きらぼし/経理(0685540),,2024/12/1,,,,,,,,,,,,,,,,,,,,,,,29084792,,,,,,
[明細行],,きらぼし/経理(0685540),,2024/12/3,71,令和6年12月2日,863676,,NO,,,[振伝],,,,,売掛金,PayPal,,,,300000,,,,300000,29384792,資金移動(PayPal⇒きらぼし経理),,,,,
[明細行],,きらぼし/経理(0685540),,2024/12/4,72,令和6年12月2日,863677,,NO,,,[振伝],,,,,売掛金,PayPal,,,,300000,,,,300000,29684792,資金移動(PayPal⇒きらぼし経理),,,,,
[明細行],,きらぼし/経理(0685540),,2024/12/10,47,令和6年11月26日,860674,,NO,,,[振伝],,,,,諸口,,,,,,,20000,,-20000,29664792,ｴﾙｽﾞｻﾎﾟｰﾄ㈱ 撮影室保証委託料(24/12/27-25/12/26),,,,,
[明細行],,きらぼし/経理(0685540),,2024/12/10,47,令和6年11月26日,860677,,NO,,,[振伝],,,,,支払手数料,国内振込･引出手数料,,課対仕入10%,内税,,,275,,-275,29664517,振込手数料,適格,100%,,,
[明細行],,きらぼし/経理(0685540),,2024/12/10,66,令和7年1月10日,908513,,NO,,,[振伝],,,,,支払手数料,国内振込･引出手数料,,課対仕入10%,内税,,,3080,,-3080,29661437,給与振込手数料,適格,100%,,,
[明細行],,きらぼし/経理(0685540),,2024/12/10,122,令和6年12月10日,870437,,NO,,,[振伝],,,,,未払金,11月販管費,,,,,,5500,,-5500,29655937,きらぼしﾋﾞｼﾞﾈｽﾈｯﾄ　利用料　11月,,,,,
[明細行],,きらぼし/経理(0685540),,2024/12/10,122,令和6年12月10日,870438,,NO,,,[振伝],,,,,未払金,11月販管費,,,,,,2200,,-2200,29653737,きらぼし外為ﾈｯﾄ　利用料　11月,,,,,
[明細行],,きらぼし/経理(0685540),,2024/12/10,124,令和6年12月10日,870443,,NO,,,[振伝],,,,,きらぼし/ｻﾎﾟｰﾄ(0685551),,,,,600000,,,,600000,30253737,資金移動(きらぼしｻﾎﾟｰﾄ→きらぼし経理),,,,,
[明細行],,きらぼし/経理(0685540),,2024/12/13,5,令和6年11月29日,863290,,NO,,,[振伝],,,,,諸口,,,,,316334,,,,316334,30570071,"㈱TED　立替金,販売報酬　10月",,,,,
[明細行],,きらぼし/経理(0685540),,2024/12/16,1,令和6年11月12日,851659,,NO,,,[振伝],,,,,売掛金,㈱ｲﾝﾀｰｽﾍﾟｰｽ(ｱｸｾｽﾄﾚｰﾄﾞ),,,,33000,,,,33000,30603071,㈱ｲﾝﾀｰｽﾍﾟｰｽ(ｱｸｾｽﾄﾚｰﾄﾞ)　紹介報酬　10月,,,,,
[明細行],,きらぼし/経理(0685540),,2024/12/20,129,令和6年12月11日,871360,,NO,,,[振伝],,,,,きらぼし/給与(0689559),,,,,,,6000000,,-6000000,24603071,資金移動(きらぼし経理→きらぼし給与),,,,,
[明細行],,きらぼし/経理(0685540),,2024/12/24,135,令和6年12月17日,880131,,NO,,,[振伝],,,,,みずほ/神田駅前決2386791,,,,,35000000,,,,35000000,59603071,資金移動(みずほ→きらぼし経理)1,,,,,
[明細行],,きらぼし/経理(0685540),,2024/12/24,136,令和6年12月17日,880133,,NO,,,[振伝],,,,,みずほ/神田駅前決2386791,,,,,35000000,,,,35000000,94603071,資金移動(みずほ→きらぼし経理)2,,,,,
[明細行],,きらぼし/経理(0685540),,2024/12/25,4,令和6年12月23日,889312,,NO,,,[振伝],,,,,諸口,,,,,703808,,,,703808,95306879,㈱ｼﾞｪｲ･ｱｲ･ｴｽ　ﾏｰｹﾃｨﾝｸﾞ代行費・立替金　11月,,,,,
[明細行],,きらぼし/経理(0685540),,2024/12/25,6,令和6年12月9日,870042,,NO,,,[振伝],,,,,未払金,10月業務提携費,,,,,,24302,,-24302,95282577,㈱ｽｶｲ　業務提携費　10月,,,,,
[明細行],,きらぼし/経理(0685540),,2024/12/25,6,令和6年12月9日,870043,,NO,,,[振伝],,,,,未払金,10月業務提携費,,,,,,275,,-275,95282302,振込手数料(先方負担),,,,,
[明細行],,きらぼし/経理(0685540),,2024/12/25,6,令和6年12月9日,870044,,NO,,,[振伝],,,,,未払金,10月業務提携費,,,,,,23408,,-23408,95258894,㈱Fied　業務提携費　10月,,,,,
[明細行],,きらぼし/経理(0685540),,2024/12/25,6,令和6年12月9日,870045,,NO,,,[振伝],,,,,未払金,10月業務提携費,,,,,,275,,-275,95258619,振込手数料(先方負担),,,,,
[明細行],,きらぼし/経理(0685540),,2024/12/25,6,令和6年12月9日,870046,,NO,,,[振伝],,,,,諸口,,,,,,,940469,,-940469,94318150,(同)ｼｴｽﾀ　合計,,,,,
[明細行],,きらぼし/経理(0685540),,2024/12/25,6,令和6年12月9日,870049,,NO,,,[振伝],,,,,諸口,,,,,,,440,,-440,94317710,振込手数料(先方負担),,,,,
[明細行],,きらぼし/経理(0685540),,2024/12/25,6,令和6年12月9日,870050,,NO,,,[振伝],,,,,諸口,,,,,,,429585,,-429585,93888125,㈱ｸｲﾝﾋﾞｰ　合計,,,,,
[明細行],,きらぼし/経理(0685540),,2024/12/25,6,令和6年12月9日,870053,,NO,,,[振伝],,,,,諸口,,,,,,,440,,-440,93887685,振込手数料(先方負担),,,,,
[明細行],,きらぼし/経理(0685540),,2024/12/25,6,令和6年12月9日,870054,,NO,,,[振伝],,,,,諸口,,,,,,,277174,,-277174,93610511,東川高子　合計,,,,,
[明細行],,きらぼし/経理(0685540),,2024/12/25,6,令和6年12月9日,870057,,NO,,,[振伝],,,,,諸口,,,,,,,440,,-440,93610071,振込手数料(先方負担),,,,,
[明細行],,きらぼし/経理(0685540),,2024/12/25,6,令和6年12月9日,870058,,NO,,,[振伝],,,,,諸口,,,,,,,0,,0,93610071,ﾄﾘｵｱｾｯﾄﾏﾈｼﾞﾒﾝﾄ㈱　合計　,,,,,
[明細行],,きらぼし/経理(0685540),,2024/12/25,6,令和6年12月9日,870061,,NO,,,[振伝],,,,,支払手数料,国内振込･引出手数料,,課対仕入10%,内税,,,0,,0,93610071,振込手数料(RES負担)　,適格,100%,,,
[明細行],,きらぼし/経理(0685540),,2024/12/25,6,令和6年12月9日,870062,,NO,,,[振伝],,,,,諸口,,,,,,,83735,,-83735,93526336,ｽﾄｯｸｼﾞｬｰﾅﾙ㈱　合計,,,,,
[明細行],,きらぼし/経理(0685540),,2024/12/25,6,令和6年12月9日,870064,,NO,,,[振伝],,,,,諸口,,,,,,,440,,-440,93525896,振込手数料(先方負担),,,,,
[明細行],,きらぼし/経理(0685540),,2024/12/25,6,令和6年12月9日,870065,,NO,,,[振伝],,,,,諸口,,,,,,,0,,0,93525896,二階堂直樹　合計,,,,,
[明細行],,きらぼし/経理(0685540),,2024/12/25,6,令和6年12月9日,870068,,NO,,,[振伝],,,,,諸口,,,,,,,0,,0,93525896,振込手数料(先方負担),,,,,
[明細行],,きらぼし/経理(0685540),,2024/12/25,6,令和6年12月9日,870069,,NO,,,[振伝],,,,,諸口,,,,,,,0,,0,93525896,㈱rewrite　合計,,,,,
[明細行],,きらぼし/経理(0685540),,2024/12/25,6,令和6年12月9日,870073,,NO,,,[振伝],,,,,諸口,,,,,,,0,,0,93525896,振込手数料,,,,,
[明細行],,きらぼし/経理(0685540),,2024/12/25,6,令和6年12月9日,870074,,NO,,,[振伝],,,,,諸口,,,,,,,2438,,-2438,93523458,㈱JUNG 業務提携費 10月,,,,,
[明細行],,きらぼし/経理(0685540),,2024/12/25,6,令和6年12月9日,870076,,NO,,,[振伝],,,,,諸口,,,,,,,275,,-275,93523183,振込手数料,,,,,
[明細行],,きらぼし/経理(0685540),,2024/12/25,7,令和6年12月10日,870506,,NO,,,[振伝],,,,,諸口,,,,,,,41305492,,-41305492,52217691,8 BOX PTE. LTD.　業務提携費　9月,,,,,
[明細行],,きらぼし/経理(0685540),,2024/12/25,7,令和6年12月10日,870509,,NO,,,[振伝],,,,,諸口,,,,,,,7500,,-7500,52210191,8 BOX PTE. LTD.　業務提携費　9月　　海外送金手数料(先方負担),,,,,
[明細行],,きらぼし/経理(0685540),,2024/12/25,37,令和6年12月11日,871243,,NO,,,[振伝],,,,,諸口,,,,,,,29186701,,-29186701,23023490,PEAK ONE. LLC　合計,,,,,
[明細行],,きらぼし/経理(0685540),,2024/12/25,37,令和6年12月11日,871251,,NO,,,[振伝],,,,,諸口,,,,,,,7500,,-7500,23015990,海外送金手数料　先方負担,,,,,
[明細行],,きらぼし/経理(0685540),,2024/12/25,37,令和6年12月11日,871252,,NO,,,[振伝],,,,,支払手数料,海外送金手数料,,,,,,0,,0,23015990,海外送金手数料　差額自社負担,,,,,
[明細行],,きらぼし/経理(0685540),,2024/12/25,74,令和6年12月24日,897455,,NO,,,[振伝],,,,,諸口,,,,,,,254347,,-254347,22761643,㈱ｼﾞｪｲ･ｱｲ･ｴｽ　11月,,,,,
[明細行],,きらぼし/経理(0685540),,2024/12/25,74,令和6年12月24日,897459,,NO,,,[振伝],,,,,未払金,11月販管費,,,,,,4950,,-4950,22756693,㈱MIOﾜｰｸｽ　配送代行費　11月,,,,,
[明細行],,きらぼし/経理(0685540),,2024/12/25,74,令和6年12月24日,897460,,NO,,,[振伝],,,,,支払手数料,国内振込･引出手数料,,課対仕入10%,内税,,,275,,-275,22756418,振込手数料,適格,100%,,,
[明細行],,きらぼし/経理(0685540),,2024/12/25,74,令和6年12月24日,897461,,NO,,,[振伝],,,,,未払金,11月販管費,,,,,,2000000,,-2000000,20756418,(同)KUWADATE　ﾏｰｹﾃｨﾝｸﾞｺﾝｻﾙﾃｨﾝｸﾞ報酬　11月,,,,,
[明細行],,きらぼし/経理(0685540),,2024/12/25,74,令和6年12月24日,897462,,NO,,,[振伝],,,,,支払手数料,国内振込･引出手数料,,課対仕入10%,内税,,,440,,-440,20755978,振込手数料,適格,100%,,,
[明細行],,きらぼし/経理(0685540),,2024/12/25,74,令和6年12月24日,897463,,NO,,,[振伝],,,,,諸口,,,,,,,44895,,-44895,20711083,山岸優希　ﾒﾃﾞｨｱﾃﾞｨﾚｸｼｮﾝ費･広告運用代行　11月,,,,,
[明細行],,きらぼし/経理(0685540),,2024/12/25,74,令和6年12月24日,897466,,NO,,,[振伝],,,,,支払手数料,国内振込･引出手数料,,課対仕入10%,内税,,,440,,-440,20710643,振込手数料,適格,100%,,,
[明細行],,きらぼし/経理(0685540),,2024/12/25,74,令和6年12月24日,897467,,NO,,,[振伝],,,,,諸口,,,,,,,17958,,-17958,20692685,牧浦匠孝　動画撮影業務　11月　齊藤先生,,,,,
[明細行],,きらぼし/経理(0685540),,2024/12/25,74,令和6年12月24日,897470,,NO,,,[振伝],,,,,支払手数料,国内振込･引出手数料,,課対仕入10%,内税,,,275,,-275,20692410,振込手数料,適格,100%,,,
[明細行],,きらぼし/経理(0685540),,2024/12/25,74,令和6年12月24日,897471,,NO,,,[振伝],,,,,諸口,,,,,,,71832,,-71832,20620578,李彩玲　ﾏｰｹﾃｨﾝｸﾞ業務等　11月,,,,,
[明細行],,きらぼし/経理(0685540),,2024/12/25,74,令和6年12月24日,897474,,NO,,,[振伝],,,,,支払手数料,国内振込･引出手数料,,課対仕入10%,内税,,,440,,-440,20620138,振込手数料,適格,100%,,,
[明細行],,きらぼし/経理(0685540),,2024/12/25,74,令和6年12月24日,897475,,NO,,,[振伝],,,,,諸口,,,,,,,1949664,,-1949664,18670474,(同)ﾌﾟﾛﾗﾘｰ 老皇平　ﾏｰｹﾃｨﾝｸﾞ業務　11月,,,,,
[明細行],,きらぼし/経理(0685540),,2024/12/25,74,令和6年12月24日,897478,,NO,,,[振伝],,,,,支払手数料,国内振込･引出手数料,,課対仕入10%,内税,,,440,,-440,18670034,振込手数料,適格,100%,,,
[明細行],,きらぼし/経理(0685540),,2024/12/25,74,令和6年12月24日,897479,,NO,,,[振伝],,,,,諸口,,,,,,,301964,,-301964,18368070,並木優佳　WEB制作・立替交通費　11月,,,,,
[明細行],,きらぼし/経理(0685540),,2024/12/25,74,令和6年12月24日,897484,,NO,,,[振伝],,,,,支払手数料,国内振込･引出手数料,,課対仕入10%,内税,,,440,,-440,18367630,振込手数料,適格,100%,,,
[明細行],,きらぼし/経理(0685540),,2024/12/25,74,令和6年12月24日,897485,,NO,,,[振伝],,,,,諸口,,,,,,,13132,,-13132,18354498,坂田朱里　WEB制作業務･立替交通費　11月,,,,,
[明細行],,きらぼし/経理(0685540),,2024/12/25,74,令和6年12月24日,897488,,NO,,,[振伝],,,,,支払手数料,国内振込･引出手数料,,課対仕入10%,内税,,,275,,-275,18354223,振込手数料,適格,100%,,,
[明細行],,きらぼし/経理(0685540),,2024/12/25,74,令和6年12月24日,897489,,NO,,,[振伝],,,,,諸口,,,,,,,44895,,-44895,18309328,福本明里　WEB制作業務･立替交通費　11月,,,,,
[明細行],,きらぼし/経理(0685540),,2024/12/25,74,令和6年12月24日,897492,,NO,,,[振伝],,,,,支払手数料,国内振込･引出手数料,,課対仕入10%,内税,,,440,,-440,18308888,振込手数料,適格,100%,,,
[明細行],,きらぼし/経理(0685540),,2024/12/25,74,令和6年12月24日,897493,,NO,,,[振伝],,,,,諸口,,,,,,,294060,,-294060,18014828,榎本健志朗　WEB制作業務･立替交通費　11月,,,,,
[明細行],,きらぼし/経理(0685540),,2024/12/25,74,令和6年12月24日,897503,,NO,,,[振伝],,,,,支払手数料,国内振込･引出手数料,,課対仕入10%,内税,,,440,,-440,18014388,振込手数料,適格,100%,,,
[明細行],,きらぼし/経理(0685540),,2024/12/25,74,令和6年12月24日,897504,,NO,,,[振伝],,,,,諸口,,,,,,,150542,,-150542,17863846,藤井信行　WEB制作業務　11月,,,,,
[明細行],,きらぼし/経理(0685540),,2024/12/25,74,令和6年12月24日,897507,,NO,,,[振伝],,,,,支払手数料,国内振込･引出手数料,,課対仕入10%,内税,,,440,,-440,17863406,振込手数料,適格,100%,,,
[明細行],,きらぼし/経理(0685540),,2024/12/25,74,令和6年12月24日,897508,,NO,,,[振伝],,,,,諸口,,,,,,,17475,,-17475,17845931,徳淵憂樹　WEB制作業務　11月,,,,,
[明細行],,きらぼし/経理(0685540),,2024/12/25,74,令和6年12月24日,897516,,NO,,,[振伝],,,,,支払手数料,国内振込･引出手数料,,課対仕入10%,内税,,,275,,-275,17845656,振込手数料,適格,100%,,,
[明細行],,きらぼし/経理(0685540),,2024/12/25,74,令和6年12月24日,897517,,NO,,,[振伝],,,,,諸口,,,,,,,89790,,-89790,17755866,冨永明子　ﾏｰｹﾃｨﾝｸﾞ業務等　11月,,,,,
[明細行],,きらぼし/経理(0685540),,2024/12/25,74,令和6年12月24日,897520,,NO,,,[振伝],,,,,支払手数料,国内振込･引出手数料,,課対仕入10%,内税,,,440,,-440,17755426,振込手数料,適格,100%,,,
[明細行],,きらぼし/経理(0685540),,2024/12/25,74,令和6年12月24日,897521,,NO,,,[振伝],,,,,未払金,11月販管費,,,,,,100000,,-100000,17655426,石垣吉規　SEO対策費用　11月,,,,,
[明細行],,きらぼし/経理(0685540),,2024/12/25,74,令和6年12月24日,897522,,NO,,,[振伝],,,,,支払手数料,国内振込･引出手数料,,課対仕入10%,内税,,,440,,-440,17654986,振込手数料,適格,100%,,,
[明細行],,きらぼし/経理(0685540),,2024/12/25,74,令和6年12月24日,897523,,NO,,,[振伝],,,,,未払金,11月販管費,,,,,,191363,,-191363,17463623,秋池沙織　顧客対応業務　11月,,,,,
[明細行],,きらぼし/経理(0685540),,2024/12/25,74,令和6年12月24日,897524,,NO,,,[振伝],,,,,支払手数料,国内振込･引出手数料,,課対仕入10%,内税,,,440,,-440,17463183,振込手数料,適格,100%,,,
[明細行],,きらぼし/経理(0685540),,2024/12/25,74,令和6年12月24日,897525,,NO,,,[振伝],,,,,諸口,,,,,,,121217,,-121217,17341966,紙谷仁　動画編集業務　11月,,,,,
[明細行],,きらぼし/経理(0685540),,2024/12/25,74,令和6年12月24日,897528,,NO,,,[振伝],,,,,支払手数料,国内振込･引出手数料,,課対仕入10%,内税,,,440,,-440,17341526,振込手数料,適格,100%,,,
[明細行],,きらぼし/経理(0685540),,2024/12/25,74,令和6年12月24日,897529,,NO,,,[振伝],,,,,諸口,,,,,,,26937,,-26937,17314589,池松暖仁　動画編集業務　11月,,,,,
[明細行],,きらぼし/経理(0685540),,2024/12/25,74,令和6年12月24日,897532,,NO,,,[振伝],,,,,支払手数料,国内振込･引出手数料,,課対仕入10%,内税,,,275,,-275,17314314,振込手数料,適格,100%,,,
[明細行],,きらぼし/経理(0685540),,2024/12/25,74,令和6年12月24日,897533,,NO,,,[振伝],,,,,未払金,11月販管費,,,,,,6600,,-6600,17307714,㈱ｸﾘｰﾄ　動画制作費用　11月　自社,,,,,
[明細行],,きらぼし/経理(0685540),,2024/12/25,74,令和6年12月24日,897534,,NO,,,[振伝],,,,,支払手数料,国内振込･引出手数料,,課対仕入10%,内税,,,275,,-275,17307439,振込手数料,適格,100%,,,
[明細行],,きらぼし/経理(0685540),,2024/12/25,74,令和6年12月24日,897535,,NO,,,[振伝],,,,,諸口,,,,,,,41912,,-41912,17265527,ﾊｰﾓﾆｰｳﾞｫｲｽ中村麻里　(同)ｼｴｽﾀ　委託費･立替経費 11月 自社100%負担,,,,,
[明細行],,きらぼし/経理(0685540),,2024/12/25,74,令和6年12月24日,897538,,NO,,,[振伝],,,,,支払手数料,国内振込･引出手数料,,課対仕入10%,内税,,,440,,-440,17265087,振込手数料,適格,100%,,,
[明細行],,きらぼし/経理(0685540),,2024/12/25,74,令和6年12月24日,897539,,NO,,,[振伝],,,,,諸口,,,,,,,110550,,-110550,17154537,中西智広　Mr.Kﾏﾈｰｼﾞｬｰ業務　11月,,,,,
[明細行],,きらぼし/経理(0685540),,2024/12/25,74,令和6年12月24日,897542,,NO,,,[振伝],,,,,支払手数料,国内振込･引出手数料,,課対仕入10%,内税,,,440,,-440,17154097,振込手数料,適格,100%,,,
[明細行],,きらぼし/経理(0685540),,2024/12/25,74,令和6年12月24日,897543,,NO,,,[振伝],,,,,未払金,11月販管費,,,,,,33000,,-33000,17121097,㈱E-Voice　ｽﾄｯｸｼﾞｬｰﾅﾙ㈱　動画出演料　11月　自社100%負担,,,,,
[明細行],,きらぼし/経理(0685540),,2024/12/25,74,令和6年12月24日,897544,,NO,,,[振伝],,,,,支払手数料,国内振込･引出手数料,,課対仕入10%,内税,,,440,,-440,17120657,振込手数料,適格,100%,,,
[明細行],,きらぼし/経理(0685540),,2024/12/25,74,令和6年12月24日,897545,,NO,,,[振伝],,,,,未払金,11月販管費,,,,,,44000,,-44000,17076657,㈱ﾗｯｼｭ　(同)ｼｴｽﾀｾﾐﾅｰ司会　11月　自社100％負担,,,,,
[明細行],,きらぼし/経理(0685540),,2024/12/25,74,令和6年12月24日,897546,,NO,,,[振伝],,,,,支払手数料,国内振込･引出手数料,,課対仕入10%,内税,,,440,,-440,17076217,振込手数料,適格,100%,,,
[明細行],,きらぼし/経理(0685540),,2024/12/25,74,令和6年12月24日,897547,,NO,,,[振伝],,,,,諸口,,,,,,,991334,,-991334,16084883,㈱ASUPARA　営業代行費･郵送費･通話料　11月,,,,,
[明細行],,きらぼし/経理(0685540),,2024/12/25,74,令和6年12月24日,897552,,NO,,,[振伝],,,,,支払手数料,国内振込･引出手数料,,課対仕入10%,内税,,,440,,-440,16084443,振込手数料,適格,100%,,,
[明細行],,きらぼし/経理(0685540),,2024/12/25,74,令和6年12月24日,897553,,NO,,,[振伝],,,,,外注費,ｵｰﾄﾏﾁｯｸﾄﾚｰﾄﾞ㈱,,課対仕入10%,内税,,,220000,,-220000,15864443,ｵｰﾄﾏﾁｯｸﾄﾚｰﾄﾞ㈱　ｽｸﾘｰﾆﾝｸﾞｿﾌﾄ月額利用料　12月　PEAK ONE. LLC,適格,100%,,,
[明細行],,きらぼし/経理(0685540),,2024/12/25,74,令和6年12月24日,897554,,NO,,,[振伝],,,,,支払手数料,国内振込･引出手数料,,課対仕入10%,内税,,,440,,-440,15864003,振込手数料,適格,100%,,,
[明細行],,きらぼし/経理(0685540),,2024/12/25,74,令和6年12月24日,897555,,NO,,,[振伝],,,,,未払金,ﾊﾞﾘｭｰｸﾘｴｰｼｮﾝ㈱,,,,,,631701,,-631701,15232302,ﾊﾞﾘｭｰｸﾘｴｰｼｮﾝ㈱　広告費･運用費　11月　(同)ｼｴｽﾀ,,,,,
[明細行],,きらぼし/経理(0685540),,2024/12/25,74,令和6年12月24日,897556,,NO,,,[振伝],,,,,支払手数料,国内振込･引出手数料,,課対仕入10%,内税,,,440,,-440,15231862,振込手数料,適格,100%,,,
[明細行],,きらぼし/経理(0685540),,2024/12/25,74,令和6年12月24日,897557,,NO,,,[振伝],,,,,諸口,,,,,,,1111000,,-1111000,14120862,㈱DYMｷｬﾘｱ　上中野僚・石原陽平　業務委託費　12月,,,,,
[明細行],,きらぼし/経理(0685540),,2024/12/25,74,令和6年12月24日,897561,,NO,,,[振伝],,,,,支払手数料,国内振込･引出手数料,,課対仕入10%,内税,,,440,,-440,14120422,振込手数料,適格,100%,,,
[明細行],,きらぼし/経理(0685540),,2024/12/25,74,令和6年12月24日,897562,,NO,,,[振伝],,,,,諸口,,,,,,,49895,,-49895,14070527,法律事務所ｲｵﾀ前川晶　顧問報酬　12月,,,,,
[明細行],,きらぼし/経理(0685540),,2024/12/25,74,令和6年12月24日,897565,,NO,,,[振伝],,,,,支払手数料,国内振込･引出手数料,,共対仕入10%,内税,,,440,,-440,14070087,振込手数料,適格,100%,,,
[明細行],,きらぼし/経理(0685540),,2024/12/25,74,令和6年12月24日,897566,,NO,,,[振伝],,,,,諸口,,,,,,,0,,0,14070087,降旗登税理士事務所　顧問報酬　11月,,,,,
[明細行],,きらぼし/経理(0685540),,2024/12/25,74,令和6年12月24日,897570,,NO,,,[振伝],,,,,支払手数料,国内振込･引出手数料,,共対仕入10%,内税,,,0,,0,14070087,振込手数料,適格,100%,,,
[明細行],,きらぼし/経理(0685540),,2024/12/25,74,令和6年12月24日,897571,,NO,,,[振伝],,,,,未払金,11月販管費,,,,,,33000,,-33000,14037087,税理士法人TM総合会計事務所　顧問報酬　11月,,,,,
[明細行],,きらぼし/経理(0685540),,2024/12/25,74,令和6年12月24日,897572,,NO,,,[振伝],,,,,支払手数料,国内振込･引出手数料,,共対仕入10%,内税,,,440,,-440,14036647,振込手数料,適格,100%,,,
[明細行],,きらぼし/経理(0685540),,2024/12/25,74,令和6年12月24日,897573,,NO,,,[振伝],,,,,諸口,,,,,,,335984,,-335984,13700663,㈱DYM　和田顧問　顧問料　12月,,,,,
[明細行],,きらぼし/経理(0685540),,2024/12/25,74,令和6年12月24日,897577,,NO,,,[振伝],,,,,支払手数料,国内振込･引出手数料,,共対仕入10%,内税,,,440,,-440,13700223,振込手数料,適格,100%,,,
[明細行],,きらぼし/経理(0685540),,2024/12/25,74,令和6年12月24日,897578,,NO,,,[振伝],,,,,諸口,,,,,,,27745,,-27745,13672478,三友ｻｰﾋﾞｽ㈱　ｶﾂﾐﾋﾞﾙ電気料金,,,,,
[明細行],,きらぼし/経理(0685540),,2024/12/25,74,令和6年12月24日,897581,,NO,,,[振伝],,,,,支払手数料,国内振込･引出手数料,,共対仕入10%,内税,,,275,,-275,13672203,振込手数料,適格,100%,,,
[明細行],,きらぼし/経理(0685540),,2024/12/25,74,令和6年12月24日,897582,,NO,,,[振伝],,,,,諸口,,,,,,,0,,0,13672203,ｶﾂﾐﾋﾞﾙ管理組合 ｶﾂﾐﾋﾞﾙ水道料金,,,,,
[明細行],,きらぼし/経理(0685540),,2024/12/25,74,令和6年12月24日,897585,,NO,,,[振伝],,,,,支払手数料,国内振込･引出手数料,,共対仕入10%,内税,,,0,,0,13672203,振込手数料,適格,100%,,,
[明細行],,きらぼし/経理(0685540),,2024/12/25,74,令和6年12月24日,897586,,NO,,,[振伝],,,,,未払金,11月販管費,,,,,,3058,,-3058,13669145,㈱ｽｶｲ　立替費用　書籍ﾊﾟﾚｯﾄ料金　11月,,,,,
[明細行],,きらぼし/経理(0685540),,2024/12/25,74,令和6年12月24日,897587,,NO,,,[振伝],,,,,支払手数料,国内振込･引出手数料,,課対仕入10%,内税,,,275,,-275,13668870,振込手数料,適格,100%,,,
[明細行],,きらぼし/経理(0685540),,2024/12/25,127,令和6年12月11日,871162,,NO,,,[振伝],,,,,諸口,,,,,,,88810,,-88810,13580060,児玉代表　経費精算　11月　合計,,,,,
[明細行],,きらぼし/経理(0685540),,2024/12/25,127,令和6年12月11日,871164,,NO,,,[振伝],,,,,支払手数料,国内振込･引出手数料,,共対仕入10%,内税,,,440,,-440,13579620,振込手数料,適格,100%,,,
[明細行],,きらぼし/経理(0685540),,2024/12/25,130,令和6年12月11日,871367,,NO,,,[振伝],,,,,売掛金,㈱ｼﾞｪｲ･ｱｲ･ｴｽ(売上預け金),,,,750427,,,,750427,14330047,㈱ｼﾞｪｲ･ｱｲ･ｴｽ ﾃﾚｺﾑｸﾚｼﾞｯﾄ　ｸﾚｼﾞｯﾄｶｰﾄﾞ 売上預け金 11月,,,,,
[明細行],,きらぼし/経理(0685540),,2024/12/26,142,令和6年12月20日,888894,,NO,,,[振伝],,,,,支払手数料,国内振込･引出手数料,,課対仕入10%,内税,,,1320,,-1320,14328727,賞与振込手数料,適格,100%,,,
[明細行],,きらぼし/経理(0685540),,2024/12/26,147,令和6年12月24日,897588,,NO,,,[振伝],,,,,諸口,,,,,,,24948,,-24948,14303779,降旗登税理士事務所　顧問報酬　11月,,,,,
[明細行],,きらぼし/経理(0685540),,2024/12/26,147,令和6年12月24日,897592,,NO,,,[振伝],,,,,支払手数料,国内振込･引出手数料,,共対仕入10%,内税,,,275,,-275,14303504,振込手数料,適格,100%,,,
[明細行],,きらぼし/経理(0685540),,2024/12/27,2,令和6年12月17日,880096,,NO,,,[振伝],,,,,売掛金,(同)ｼｴｽﾀ,,,,112200,,,,112200,14415704,(同)ｼｴｽﾀ　ｱﾌｨﾘｴｲﾄ売上　手数料相殺後　10月,,,,,
[明細行],,きらぼし/経理(0685540),,2024/12/27,81,令和6年12月4日,866460,,NO,,,[振伝],,,,,売掛金,㈱ﾌｧｲﾅﾝｼｬﾙｲﾝﾃﾘｼﾞｪﾝｽ,,,,4562,,,,4562,14420266,㈱ﾌｧｲﾅﾝｼｬﾙｲﾝﾃﾘｼﾞｪﾝｽ　紹介報酬　TheCatch　11月,,,,,
[明細行],,きらぼし/経理(0685540),,2024/12/27,84,令和6年12月5日,867542,,NO,,,[振伝],,,,,売掛金,㈱ﾋﾟﾉﾏﾆｱ,,,,295200,,,,295200,14715466,㈱ﾋﾟﾉﾏﾆｱ　紹介報酬　10月,,,,,
[明細行],,きらぼし/経理(0685540),,2025/1/6,151,令和6年12月27日,901397,,NO,,,[振伝],,,,,支払手数料,(一社)日本出版ｲﾝﾌﾗｾﾝﾀｰ,,課対仕入10%,内税,,,24200,,-24200,14691266,(一社)日本出版ｲﾝﾌﾗｾﾝﾀｰ　ISBN申請料,適格,100%,,,
[明細行],,きらぼし/経理(0685540),,2025/1/6,151,令和6年12月27日,901398,,NO,,,[振伝],,,,,支払手数料,国内振込･引出手数料,,課対仕入10%,内税,,,275,,-275,14690991,振込手数料,適格,100%,,,
[明細行],,きらぼし/経理(0685540),,2025/1/6,151,令和6年12月27日,901399,,NO,,,[振伝],,,,,支払手数料,(一財)流通ｼｽﾃﾑ開発ｾﾝﾀｰ,,課対仕入10%,内税,,,11000,,-11000,14679991,(一財)流通システム開発ｾﾝﾀｰ　書籍JANコード申請料,適格,100%,,,
[明細行],,きらぼし/経理(0685540),,2025/1/6,151,令和6年12月27日,901400,,NO,,,[振伝],,,,,支払手数料,国内振込･引出手数料,,課対仕入10%,内税,,,275,,-275,14679716,振込手数料,適格,100%,,,
[明細行],,きらぼし/経理(0685540),,2025/1/10,144,令和7年2月4日,913304,,NO,,,[振伝],,,,,支払手数料,国内振込･引出手数料,,課対仕入10%,内税,,,3080,,-3080,14676636,給与振込手数料,適格,100%,,,
[明細行],,きらぼし/経理(0685540),,2025/1/10,175,令和7年1月9日,907128,,NO,,,[振伝],,,,,未払金,12月販管費,,,,,,5500,,-5500,14671136,きらぼしﾋﾞｼﾞﾈｽﾈｯﾄ　利用料　12月,,,,,
[明細行],,きらぼし/経理(0685540),,2025/1/10,175,令和7年1月9日,907129,,NO,,,[振伝],,,,,未払金,12月販管費,,,,,,2200,,-2200,14668936,きらぼし外為ﾈｯﾄ　利用料　12月,,,,,
[明細行],,きらぼし/経理(0685540),,2025/1/10,181,令和7年1月10日,908088,,NO,,,[振伝],,,,,売掛金,K'sSolution(同),,,,10405,,,,10405,14679341,K's.Solution(同)　紹介報酬　12月,,,,,
[明細行],,きらぼし/経理(0685540),,2025/1/14,146,令和7年1月15日,909771,,NO,,,[振伝],,,,,諸口,,,,,997374,,,,997374,15676715,㈱ｽｶｲ　㈱TED　THE　EARNING　分配金　赤字請求,,,,,
[明細行],,きらぼし/経理(0685540),,2025/1/15,38,令和6年12月24日,898672,,NO,,,[振伝],,,,,諸口,,,,,,,4343685,,-4343685,11333030,"㈱TED　立替金,販売報酬　11月",,,,,
[明細行],,きらぼし/経理(0685540),,2025/1/15,38,令和6年12月24日,898680,,NO,,,[振伝],,,,,支払手数料,国内振込･引出手数料,,課対仕入10%,内税,,,440,,-440,11332590,振込手数料,適格,100%,,,
[明細行],,きらぼし/経理(0685540),,2025/1/20,199,令和7年1月20日,911086,,NO,,,[振伝],,,,,きらぼし/ｻﾎﾟｰﾄ(0685551),,,,,1500000,,,,1500000,12832590,資金移動(きらぼしｻﾎﾟｰﾄ→きらぼし経理),,,,,
[明細行],,きらぼし/経理(0685540),,2025/1/23,198,令和7年1月20日,911088,,NO,,,[振伝],,,,,みずほ/神田駅前決2386791,,,,,32000000,,,,32000000,44832590,資金移動(みずほ→きらぼし経理),,,,,
[明細行],,きらぼし/経理(0685540),,2025/1/24,8,令和6年11月13日,851883,,NO,,,[振伝],,,,,諸口,,,,,,,6992500,,-6992500,37840090,8 BOX PTE. LTD.　業務提携費　10月,,,,,
[明細行],,きらぼし/経理(0685540),,2025/1/24,8,令和6年11月13日,851885,,NO,,,[振伝],,,,,諸口,,,,,,,7500,,-7500,37832590,8 BOX PTE. LTD.　業務提携費　10月　　海外送金手数料(先方負担),,,,,
[明細行],,きらぼし/経理(0685540),,2025/1/24,36,令和7年1月14日,909301,,NO,,,[振伝],,,,,未払金,11月業務提携費,,,,,,21506,,-21506,37811084,㈱ｽｶｲ　業務提携費　11月,,,,,
[明細行],,きらぼし/経理(0685540),,2025/1/24,36,令和7年1月14日,909302,,NO,,,[振伝],,,,,未払金,11月業務提携費,,,,,,275,,-275,37810809,振込手数料(先方負担),,,,,
[明細行],,きらぼし/経理(0685540),,2025/1/24,36,令和7年1月14日,909303,,NO,,,[振伝],,,,,未払金,11月業務提携費,,,,,,23408,,-23408,37787401,㈱Fied　業務提携費　11月,,,,,
[明細行],,きらぼし/経理(0685540),,2025/1/24,36,令和7年1月14日,909304,,NO,,,[振伝],,,,,未払金,11月業務提携費,,,,,,275,,-275,37787126,振込手数料(先方負担),,,,,
[明細行],,きらぼし/経理(0685540),,2025/1/24,36,令和7年1月14日,909305,,NO,,,[振伝],,,,,諸口,,,,,,,405073,,-405073,37382053,(同)ｼｴｽﾀ　合計,,,,,
[明細行],,きらぼし/経理(0685540),,2025/1/24,36,令和7年1月14日,909308,,NO,,,[振伝],,,,,諸口,,,,,,,440,,-440,37381613,振込手数料(先方負担),,,,,
[明細行],,きらぼし/経理(0685540),,2025/1/24,36,令和7年1月14日,909309,,NO,,,[振伝],,,,,諸口,,,,,,,324016,,-324016,37057597,㈱ｸｲﾝﾋﾞｰ　合計,,,,,
[明細行],,きらぼし/経理(0685540),,2025/1/24,36,令和7年1月14日,909312,,NO,,,[振伝],,,,,諸口,,,,,,,440,,-440,37057157,振込手数料(先方負担),,,,,
[明細行],,きらぼし/経理(0685540),,2025/1/24,36,令和7年1月14日,909313,,NO,,,[振伝],,,,,諸口,,,,,,,143387,,-143387,36913770,東川高子　合計,,,,,
[明細行],,きらぼし/経理(0685540),,2025/1/24,36,令和7年1月14日,909316,,NO,,,[振伝],,,,,諸口,,,,,,,440,,-440,36913330,振込手数料(先方負担),,,,,
[明細行],,きらぼし/経理(0685540),,2025/1/24,36,令和7年1月14日,909317,,NO,,,[振伝],,,,,諸口,,,,,,,0,,0,36913330,ﾄﾘｵｱｾｯﾄﾏﾈｼﾞﾒﾝﾄ㈱　合計　,,,,,
[明細行],,きらぼし/経理(0685540),,2025/1/24,36,令和7年1月14日,909320,,NO,,,[振伝],,,,,支払手数料,国内振込･引出手数料,,課対仕入10%,内税,,,0,,0,36913330,振込手数料(RES負担)　,適格,100%,,,
[明細行],,きらぼし/経理(0685540),,2025/1/24,36,令和7年1月14日,909321,,NO,,,[振伝],,,,,諸口,,,,,,,83735,,-83735,36829595,ｽﾄｯｸｼﾞｬｰﾅﾙ㈱　合計,,,,,
[明細行],,きらぼし/経理(0685540),,2025/1/24,36,令和7年1月14日,909323,,NO,,,[振伝],,,,,諸口,,,,,,,440,,-440,36829155,振込手数料(先方負担),,,,,
[明細行],,きらぼし/経理(0685540),,2025/1/24,36,令和7年1月14日,909324,,NO,,,[振伝],,,,,諸口,,,,,,,0,,0,36829155,二階堂直樹　合計,,,,,
[明細行],,きらぼし/経理(0685540),,2025/1/24,36,令和7年1月14日,909327,,NO,,,[振伝],,,,,諸口,,,,,,,0,,0,36829155,振込手数料(先方負担),,,,,
[明細行],,きらぼし/経理(0685540),,2025/1/24,36,令和7年1月14日,909328,,NO,,,[振伝],,,,,諸口,,,,,,,883044,,-883044,35946111,㈱rewrite　合計,,,,,
[明細行],,きらぼし/経理(0685540),,2025/1/24,36,令和7年1月14日,909333,,NO,,,[振伝],,,,,諸口,,,,,,,440,,-440,35945671,振込手数料,,,,,
[明細行],,きらぼし/経理(0685540),,2025/1/24,36,令和7年1月14日,909334,,NO,,,[振伝],,,,,諸口,,,,,,,2438,,-2438,35943233,㈱JUNG 業務提携費 11月,,,,,
[明細行],,きらぼし/経理(0685540),,2025/1/24,36,令和7年1月14日,909336,,NO,,,[振伝],,,,,諸口,,,,,,,275,,-275,35942958,振込手数料,,,,,
[明細行],,きらぼし/経理(0685540),,2025/1/24,75,令和7年1月27日,912627,,NO,,,[振伝],,,,,売掛金,㈱橋本-investment,,,,119400,,,,119400,36062358,㈱橋本-investment　紹介報酬　11月,,,,,
[明細行],,きらぼし/経理(0685540),,2025/1/24,121,令和7年1月21日,911888,,NO,,,[振伝],,,,,諸口,,,,,718235,,,,718235,36780593,㈱ｼﾞｪｲ･ｱｲ･ｴｽ　ﾏｰｹﾃｨﾝｸﾞ代行費・立替金　12月,,,,,
[明細行],,きらぼし/経理(0685540),,2025/1/24,134,令和7年1月9日,907363,,NO,,,[振伝],,,,,諸口,,,,,,,10239721,,-10239721,26540872,PEAK ONE. LLC　合計,,,,,
[明細行],,きらぼし/経理(0685540),,2025/1/24,134,令和7年1月9日,907371,,NO,,,[振伝],,,,,諸口,,,,,,,7500,,-7500,26533372,海外送金手数料　先方負担,,,,,
[明細行],,きらぼし/経理(0685540),,2025/1/24,134,令和7年1月9日,907372,,NO,,,[振伝],,,,,支払手数料,海外送金手数料,,,,,,0,,0,26533372,海外送金手数料　差額自社負担,,,,,
[明細行],,きらぼし/経理(0685540),,2025/1/24,149,令和7年1月21日,911742,,NO,,,[振伝],,,,,諸口,,,,,,,60054,,-60054,26473318,㈱ｼﾞｪｲ･ｱｲ･ｴｽ　12月,,,,,
[明細行],,きらぼし/経理(0685540),,2025/1/24,149,令和7年1月21日,911746,,NO,,,[振伝],,,,,未払金,12月販管費,,,,,,4950,,-4950,26468368,㈱MIOﾜｰｸｽ　配送代行費　12月,,,,,
[明細行],,きらぼし/経理(0685540),,2025/1/24,149,令和7年1月21日,911747,,NO,,,[振伝],,,,,支払手数料,国内振込･引出手数料,,課対仕入10%,内税,,,275,,-275,26468093,振込手数料,適格,100%,,,
[明細行],,きらぼし/経理(0685540),,2025/1/24,149,令和7年1月21日,911748,,NO,,,[振伝],,,,,未払金,12月販管費,,,,,,4000000,,-4000000,22468093,(同)KUWADATE　ﾏｰｹﾃｨﾝｸﾞｺﾝｻﾙﾃｨﾝｸﾞ報酬　12月,,,,,
[明細行],,きらぼし/経理(0685540),,2025/1/24,149,令和7年1月21日,911749,,NO,,,[振伝],,,,,支払手数料,国内振込･引出手数料,,課対仕入10%,内税,,,440,,-440,22467653,振込手数料,適格,100%,,,
[明細行],,きらぼし/経理(0685540),,2025/1/24,149,令和7年1月21日,911750,,NO,,,[振伝],,,,,諸口,,,,,,,44895,,-44895,22422758,山岸優希　ﾒﾃﾞｨｱﾃﾞｨﾚｸｼｮﾝ費･広告運用代行　12月,,,,,
[明細行],,きらぼし/経理(0685540),,2025/1/24,149,令和7年1月21日,911753,,NO,,,[振伝],,,,,支払手数料,国内振込･引出手数料,,課対仕入10%,内税,,,440,,-440,22422318,振込手数料,適格,100%,,,
[明細行],,きらぼし/経理(0685540),,2025/1/24,149,令和7年1月21日,911754,,NO,,,[振伝],,,,,諸口,,,,,,,17958,,-17958,22404360,牧浦匠孝　動画撮影業務　12月　齊藤先生,,,,,
[明細行],,きらぼし/経理(0685540),,2025/1/24,149,令和7年1月21日,911757,,NO,,,[振伝],,,,,支払手数料,国内振込･引出手数料,,課対仕入10%,内税,,,275,,-275,22404085,振込手数料,適格,100%,,,
[明細行],,きらぼし/経理(0685540),,2025/1/24,149,令和7年1月21日,911758,,NO,,,[振伝],,,,,諸口,,,,,,,71832,,-71832,22332253,李彩玲　ﾏｰｹﾃｨﾝｸﾞ業務等　12月,,,,,
[明細行],,きらぼし/経理(0685540),,2025/1/24,149,令和7年1月21日,911761,,NO,,,[振伝],,,,,支払手数料,国内振込･引出手数料,,課対仕入10%,内税,,,440,,-440,22331813,振込手数料,適格,100%,,,
[明細行],,きらぼし/経理(0685540),,2025/1/24,149,令和7年1月21日,911762,,NO,,,[振伝],,,,,諸口,,,,,,,250000,,-250000,22081813,(同)ﾌﾟﾛﾗﾘｰ 老皇平　ﾏｰｹﾃｨﾝｸﾞ業務　12月,,,,,
[明細行],,きらぼし/経理(0685540),,2025/1/24,149,令和7年1月21日,911765,,NO,,,[振伝],,,,,支払手数料,国内振込･引出手数料,,課対仕入10%,内税,,,440,,-440,22081373,振込手数料,適格,100%,,,
[明細行],,きらぼし/経理(0685540),,2025/1/24,149,令和7年1月21日,911766,,NO,,,[振伝],,,,,諸口,,,,,,,370205,,-370205,21711168,並木優佳　WEB制作・立替交通費　12月,,,,,
[明細行],,きらぼし/経理(0685540),,2025/1/24,149,令和7年1月21日,911773,,NO,,,[振伝],,,,,支払手数料,国内振込･引出手数料,,課対仕入10%,内税,,,440,,-440,21710728,振込手数料,適格,100%,,,
[明細行],,きらぼし/経理(0685540),,2025/1/24,149,令和7年1月21日,911774,,NO,,,[振伝],,,,,諸口,,,,,,,24513,,-24513,21686215,坂田朱里　WEB制作業務･立替交通費　12月,,,,,
[明細行],,きらぼし/経理(0685540),,2025/1/24,149,令和7年1月21日,911777,,NO,,,[振伝],,,,,支払手数料,国内振込･引出手数料,,課対仕入10%,内税,,,275,,-275,21685940,振込手数料,適格,100%,,,
[明細行],,きらぼし/経理(0685540),,2025/1/24,149,令和7年1月21日,911778,,NO,,,[振伝],,,,,諸口,,,,,,,44895,,-44895,21641045,福本明里　WEB制作業務･立替交通費　12月,,,,,
[明細行],,きらぼし/経理(0685540),,2025/1/24,149,令和7年1月21日,911781,,NO,,,[振伝],,,,,支払手数料,国内振込･引出手数料,,課対仕入10%,内税,,,440,,-440,21640605,振込手数料,適格,100%,,,
[明細行],,きらぼし/経理(0685540),,2025/1/24,149,令和7年1月21日,911782,,NO,,,[振伝],,,,,諸口,,,,,,,364859,,-364859,21275746,榎本健志朗　WEB制作業務･立替交通費　12月,,,,,
[明細行],,きらぼし/経理(0685540),,2025/1/24,149,令和7年1月21日,911790,,NO,,,[振伝],,,,,支払手数料,国内振込･引出手数料,,課対仕入10%,内税,,,440,,-440,21275306,振込手数料,適格,100%,,,
[明細行],,きらぼし/経理(0685540),,2025/1/24,149,令和7年1月21日,911791,,NO,,,[振伝],,,,,諸口,,,,,,,174391,,-174391,21100915,藤井信行　WEB制作業務　12月,,,,,
[明細行],,きらぼし/経理(0685540),,2025/1/24,149,令和7年1月21日,911794,,NO,,,[振伝],,,,,支払手数料,国内振込･引出手数料,,課対仕入10%,内税,,,440,,-440,21100475,振込手数料,適格,100%,,,
[明細行],,きらぼし/経理(0685540),,2025/1/24,149,令和7年1月21日,911795,,NO,,,[振伝],,,,,諸口,,,,,,,179580,,-179580,20920895,井上亮平　WEB制作業務　12月,,,,,
[明細行],,きらぼし/経理(0685540),,2025/1/24,149,令和7年1月21日,911798,,NO,,,[振伝],,,,,支払手数料,国内振込･引出手数料,,課対仕入10%,内税,,,440,,-440,20920455,振込手数料,適格,100%,,,
[明細行],,きらぼし/経理(0685540),,2025/1/24,149,令和7年1月21日,911799,,NO,,,[振伝],,,,,諸口,,,,,,,89790,,-89790,20830665,冨永明子　ﾏｰｹﾃｨﾝｸﾞ業務等　12月,,,,,
[明細行],,きらぼし/経理(0685540),,2025/1/24,149,令和7年1月21日,911802,,NO,,,[振伝],,,,,支払手数料,国内振込･引出手数料,,課対仕入10%,内税,,,440,,-440,20830225,振込手数料,適格,100%,,,
[明細行],,きらぼし/経理(0685540),,2025/1/24,149,令和7年1月21日,911803,,NO,,,[振伝],,,,,未払金,12月販管費,,,,,,100000,,-100000,20730225,石垣吉規　SEO対策費用　12月,,,,,
[明細行],,きらぼし/経理(0685540),,2025/1/24,149,令和7年1月21日,911804,,NO,,,[振伝],,,,,支払手数料,国内振込･引出手数料,,課対仕入10%,内税,,,440,,-440,20729785,振込手数料,適格,100%,,,
[明細行],,きらぼし/経理(0685540),,2025/1/24,149,令和7年1月21日,911805,,NO,,,[振伝],,,,,未払金,12月販管費,,,,,,220388,,-220388,20509397,秋池沙織　顧客対応業務　12月,,,,,
[明細行],,きらぼし/経理(0685540),,2025/1/24,149,令和7年1月21日,911806,,NO,,,[振伝],,,,,支払手数料,国内振込･引出手数料,,課対仕入10%,内税,,,440,,-440,20508957,振込手数料,適格,100%,,,
[明細行],,きらぼし/経理(0685540),,2025/1/24,149,令和7年1月21日,911807,,NO,,,[振伝],,,,,諸口,,,,,,,161622,,-161622,20347335,紙谷仁　動画編集業務　12月,,,,,
[明細行],,きらぼし/経理(0685540),,2025/1/24,149,令和7年1月21日,911814,,NO,,,[振伝],,,,,支払手数料,国内振込･引出手数料,,課対仕入10%,内税,,,440,,-440,20346895,振込手数料,適格,100%,,,
[明細行],,きらぼし/経理(0685540),,2025/1/24,149,令和7年1月21日,911815,,NO,,,[振伝],,,,,諸口,,,,,,,26937,,-26937,20319958,池松暖仁　動画編集業務　12月,,,,,
[明細行],,きらぼし/経理(0685540),,2025/1/24,149,令和7年1月21日,911818,,NO,,,[振伝],,,,,支払手数料,国内振込･引出手数料,,課対仕入10%,内税,,,275,,-275,20319683,振込手数料,適格,100%,,,
[明細行],,きらぼし/経理(0685540),,2025/1/24,149,令和7年1月21日,911819,,NO,,,[振伝],,,,,未払金,12月販管費,,,,,,24750,,-24750,20294933,㈱ｸﾘｰﾄ　動画制作費用　12月　自社,,,,,
[明細行],,きらぼし/経理(0685540),,2025/1/24,149,令和7年1月21日,911820,,NO,,,[振伝],,,,,支払手数料,国内振込･引出手数料,,課対仕入10%,内税,,,275,,-275,20294658,振込手数料,適格,100%,,,
[明細行],,きらぼし/経理(0685540),,2025/1/24,149,令和7年1月21日,911821,,NO,,,[振伝],,,,,諸口,,,,,,,104111,,-104111,20190547,ﾊｰﾓﾆｰｳﾞｫｲｽ中村麻里　(同)ｼｴｽﾀ　委託費･立替経費 12月 自社100%負担,,,,,
[明細行],,きらぼし/経理(0685540),,2025/1/24,149,令和7年1月21日,911824,,NO,,,[振伝],,,,,支払手数料,国内振込･引出手数料,,課対仕入10%,内税,,,440,,-440,20190107,振込手数料,適格,100%,,,
[明細行],,きらぼし/経理(0685540),,2025/1/24,149,令和7年1月21日,911825,,NO,,,[振伝],,,,,諸口,,,,,,,110550,,-110550,20079557,中西智広　Mr.Kﾏﾈｰｼﾞｬｰ業務　12月,,,,,
[明細行],,きらぼし/経理(0685540),,2025/1/24,149,令和7年1月21日,911828,,NO,,,[振伝],,,,,支払手数料,国内振込･引出手数料,,課対仕入10%,内税,,,440,,-440,20079117,振込手数料,適格,100%,,,
[明細行],,きらぼし/経理(0685540),,2025/1/24,149,令和7年1月21日,911829,,NO,,,[振伝],,,,,未払金,12月販管費,,,,,,500000,,-500000,19579117,(同)Stella ﾏｰｹﾃｨﾝｸﾞｺﾝｻﾙﾃｨﾝｸﾞ業務　12月,,,,,
[明細行],,きらぼし/経理(0685540),,2025/1/24,149,令和7年1月21日,911830,,NO,,,[振伝],,,,,支払手数料,国内振込･引出手数料,,課対仕入10%,内税,,,440,,-440,19578677,振込手数料,適格,100%,,,
[明細行],,きらぼし/経理(0685540),,2025/1/24,149,令和7年1月21日,911831,,NO,,,[振伝],,,,,未払金,12月販管費,,,,,,33000,,-33000,19545677,㈱E-Voice　ｽﾄｯｸｼﾞｬｰﾅﾙ㈱　動画出演料　12月　自社100%負担,,,,,
[明細行],,きらぼし/経理(0685540),,2025/1/24,149,令和7年1月21日,911832,,NO,,,[振伝],,,,,支払手数料,国内振込･引出手数料,,課対仕入10%,内税,,,440,,-440,19545237,振込手数料,適格,100%,,,
[明細行],,きらぼし/経理(0685540),,2025/1/24,149,令和7年1月21日,911833,,NO,,,[振伝],,,,,未払金,12月販管費,,,,,,0,,0,19545237,㈱ﾗｯｼｭ　(同)ｼｴｽﾀｾﾐﾅｰ司会　12月　自社100％負担,,,,,
[明細行],,きらぼし/経理(0685540),,2025/1/24,149,令和7年1月21日,911834,,NO,,,[振伝],,,,,支払手数料,国内振込･引出手数料,,課対仕入10%,内税,,,0,,0,19545237,振込手数料,適格,100%,,,
[明細行],,きらぼし/経理(0685540),,2025/1/24,149,令和7年1月21日,911835,,NO,,,[振伝],,,,,諸口,,,,,,,249003,,-249003,19296234,㈱ASUPARA　営業代行費･郵送費･通話料　12月,,,,,
[明細行],,きらぼし/経理(0685540),,2025/1/24,149,令和7年1月21日,911840,,NO,,,[振伝],,,,,支払手数料,国内振込･引出手数料,,課対仕入10%,内税,,,440,,-440,19295794,振込手数料,適格,100%,,,
[明細行],,きらぼし/経理(0685540),,2025/1/24,149,令和7年1月21日,911841,,NO,,,[振伝],,,,,外注費,ｵｰﾄﾏﾁｯｸﾄﾚｰﾄﾞ㈱,,課対仕入10%,内税,,,220000,,-220000,19075794,ｵｰﾄﾏﾁｯｸﾄﾚｰﾄﾞ㈱　ｽｸﾘｰﾆﾝｸﾞｿﾌﾄ月額利用料　1月　PEAK ONE. LLC,適格,100%,,,
[明細行],,きらぼし/経理(0685540),,2025/1/24,149,令和7年1月21日,911842,,NO,,,[振伝],,,,,支払手数料,国内振込･引出手数料,,課対仕入10%,内税,,,440,,-440,19075354,振込手数料,適格,100%,,,
[明細行],,きらぼし/経理(0685540),,2025/1/24,149,令和7年1月21日,911843,,NO,,,[振伝],,,,,未払金,ﾊﾞﾘｭｰｸﾘｴｰｼｮﾝ㈱,,,,,,493719,,-493719,18581635,ﾊﾞﾘｭｰｸﾘｴｰｼｮﾝ㈱　広告費･運用費　12月　(同)ｼｴｽﾀ,,,,,
[明細行],,きらぼし/経理(0685540),,2025/1/24,149,令和7年1月21日,911844,,NO,,,[振伝],,,,,支払手数料,国内振込･引出手数料,,課対仕入10%,内税,,,440,,-440,18581195,振込手数料,適格,100%,,,
[明細行],,きらぼし/経理(0685540),,2025/1/24,149,令和7年1月21日,911845,,NO,,,[振伝],,,,,諸口,,,,,,,1111000,,-1111000,17470195,㈱DYMｷｬﾘｱ　業務委託費　1月,,,,,
[明細行],,きらぼし/経理(0685540),,2025/1/24,149,令和7年1月21日,911849,,NO,,,[振伝],,,,,支払手数料,国内振込･引出手数料,,課対仕入10%,内税,,,440,,-440,17469755,振込手数料,適格,100%,,,
[明細行],,きらぼし/経理(0685540),,2025/1/24,149,令和7年1月21日,911850,,NO,,,[振伝],,,,,諸口,,,,,,,49895,,-49895,17419860,法律事務所ｲｵﾀ前川晶　顧問報酬　1月,,,,,
[明細行],,きらぼし/経理(0685540),,2025/1/24,149,令和7年1月21日,911853,,NO,,,[振伝],,,,,支払手数料,国内振込･引出手数料,,共対仕入10%,内税,,,440,,-440,17419420,振込手数料,適格,100%,,,
[明細行],,きらぼし/経理(0685540),,2025/1/24,149,令和7年1月21日,911854,,NO,,,[振伝],,,,,諸口,,,,,,,24948,,-24948,17394472,降旗登税理士事務所　顧問報酬　11月,,,,,
[明細行],,きらぼし/経理(0685540),,2025/1/24,149,令和7年1月21日,911858,,NO,,,[振伝],,,,,支払手数料,国内振込･引出手数料,,共対仕入10%,内税,,,275,,-275,17394197,振込手数料,適格,100%,,,
[明細行],,きらぼし/経理(0685540),,2025/1/24,149,令和7年1月21日,911859,,NO,,,[振伝],,,,,未払金,12月販管費,,,,,,33000,,-33000,17361197,税理士法人TM総合会計事務所　顧問報酬　12月,,,,,
[明細行],,きらぼし/経理(0685540),,2025/1/24,149,令和7年1月21日,911860,,NO,,,[振伝],,,,,支払手数料,国内振込･引出手数料,,共対仕入10%,内税,,,440,,-440,17360757,振込手数料,適格,100%,,,
[明細行],,きらぼし/経理(0685540),,2025/1/24,149,令和7年1月21日,911861,,NO,,,[振伝],,,,,諸口,,,,,,,335984,,-335984,17024773,㈱DYM　和田顧問　顧問料　1月,,,,,
[明細行],,きらぼし/経理(0685540),,2025/1/24,149,令和7年1月21日,911865,,NO,,,[振伝],,,,,支払手数料,国内振込･引出手数料,,共対仕入10%,内税,,,440,,-440,17024333,振込手数料,適格,100%,,,
[明細行],,きらぼし/経理(0685540),,2025/1/24,149,令和7年1月21日,911866,,NO,,,[振伝],,,,,諸口,,,,,,,45611,,-45611,16978722,三友ｻｰﾋﾞｽ㈱　ｶﾂﾐﾋﾞﾙ電気料金(2024/11/29-2024/12/27),,,,,
[明細行],,きらぼし/経理(0685540),,2025/1/24,149,令和7年1月21日,911869,,NO,,,[振伝],,,,,支払手数料,国内振込･引出手数料,,共対仕入10%,内税,,,440,,-440,16978282,振込手数料,適格,100%,,,
[明細行],,きらぼし/経理(0685540),,2025/1/24,149,令和7年1月21日,911870,,NO,,,[振伝],,,,,諸口,,,,,,,2655,,-2655,16975627,ｶﾂﾐﾋﾞﾙ管理組合 ｶﾂﾐﾋﾞﾙ水道料金(2024/10-2024/12),,,,,
[明細行],,きらぼし/経理(0685540),,2025/1/24,149,令和7年1月21日,911873,,NO,,,[振伝],,,,,支払手数料,国内振込･引出手数料,,共対仕入10%,内税,,,275,,-275,16975352,振込手数料,適格,100%,,,
[明細行],,きらぼし/経理(0685540),,2025/1/24,149,令和7年1月21日,911874,,NO,,,[振伝],,,,,未払金,12月販管費,,,,,,3058,,-3058,16972294,㈱ｽｶｲ　立替費用　書籍ﾊﾟﾚｯﾄ料金　12月,,,,,
[明細行],,きらぼし/経理(0685540),,2025/1/24,149,令和7年1月21日,911875,,NO,,,[振伝],,,,,支払手数料,国内振込･引出手数料,,課対仕入10%,内税,,,275,,-275,16972019,振込手数料,適格,100%,,,
[明細行],,きらぼし/経理(0685540),,2025/1/24,149,令和7年1月21日,911876,,NO,,,[振伝],,,,,未払金,12月販管費,,,,,,33000,,-33000,16939019,㈱PR TIMES　掲載料　12月,,,,,
[明細行],,きらぼし/経理(0685540),,2025/1/24,149,令和7年1月21日,911877,,NO,,,[振伝],,,,,支払手数料,国内振込･引出手数料,,課対仕入10%,内税,,,440,,-440,16938579,振込手数料,適格,100%,,,
[明細行],,きらぼし/経理(0685540),,2025/1/24,149,令和7年1月21日,911878,,NO,,,[振伝],,,,,諸口,,,,,,,2587200,,-2587200,14351379,㈱顧問名鑑 顧問紹介料・顧問料 12月-2月,,,,,
[明細行],,きらぼし/経理(0685540),,2025/1/24,149,令和7年1月21日,911882,,NO,,,[振伝],,,,,支払手数料,国内振込･引出手数料,,課対仕入10%,内税,,,440,,-440,14350939,振込手数料,適格,100%,,,
[明細行],,きらぼし/経理(0685540),,2025/1/24,149,令和7年1月21日,911883,,NO,,,[振伝],,,,,前払費用,2月,,,,,,23600,,-23600,14327339,(一財)沖縄県青年会館　2/11会議室利用料　(同)ｼｴｽﾀ,,,,,
[明細行],,きらぼし/経理(0685540),,2025/1/24,149,令和7年1月21日,911884,,NO,,,[振伝],,,,,支払手数料,国内振込･引出手数料,,課対仕入10%,内税,,,275,,-275,14327064,振込手数料,適格,100%,,,
[明細行],,きらぼし/経理(0685540),,2025/1/24,149,令和7年1月21日,911885,,NO,,,[振伝],,,,,前払費用,3月,,,,,,56980,,-56980,14270084,㈱ｴｯｻﾑ　3/16会議室利用料　(同)ｼｴｽﾀ,,,,,
[明細行],,きらぼし/経理(0685540),,2025/1/24,149,令和7年1月21日,911886,,NO,,,[振伝],,,,,支払手数料,国内振込･引出手数料,,課対仕入10%,内税,,,440,,-440,14269644,振込手数料,適格,100%,,,
[明細行],,きらぼし/経理(0685540),,2025/1/24,185,令和7年1月10日,909062,,NO,,,[振伝],,,,,売掛金,㈱ｼﾞｪｲ･ｱｲ･ｴｽ(売上預け金),,,,656321,,,,656321,14925965,㈱ｼﾞｪｲ･ｱｲ･ｴｽ ﾃﾚｺﾑｸﾚｼﾞｯﾄ　ｸﾚｼﾞｯﾄｶｰﾄﾞ 売上預け金 12月,,,,,
[明細行],,きらぼし/経理(0685540),,2025/1/24,211,令和7年1月21日,912449,,NO,,,[振伝],,,,,諸口,,,,,,,54048,,-54048,14871917,児玉代表　経費精算　12月　合計,,,,,
[明細行],,きらぼし/経理(0685540),,2025/1/24,211,令和7年1月21日,912451,,NO,,,[振伝],,,,,支払手数料,国内振込･引出手数料,,共対仕入10%,内税,,,440,,-440,14871477,振込手数料,適格,100%,,,
[明細行],,きらぼし/経理(0685540),,2025/1/27,214,令和7年1月27日,912628,,NO,,,[振伝],,,,,きらぼし/ｻﾎﾟｰﾄ(0685551),,,,,1400000,,,,1400000,16271477,資金移動(きらぼしｻﾎﾟｰﾄ→きらぼし経理),,,,,
[明細行],,きらぼし/経理(0685540),,2025/1/31,80,令和6年12月9日,869548,,NO,,,[振伝],,,,,売掛金,(同)ｼｴｽﾀ,,,,85800,,,,85800,16357277,(同)ｼｴｽﾀ　ｱﾌｨﾘｴｲﾄ売上　手数料相殺後　11月,,,,,
[明細行],,きらぼし/経理(0685540),,2025/1/31,167,令和7年1月7日,901572,,NO,,,[振伝],,,,,売掛金,㈱ﾌｧｲﾅﾝｼｬﾙｲﾝﾃﾘｼﾞｪﾝｽ,,,,4557,,,,4557,16361834,㈱ﾌｧｲﾅﾝｼｬﾙｲﾝﾃﾘｼﾞｪﾝｽ　紹介報酬　TheCatch　12月,,,,,
[明細行],,きらぼし/経理(0685540),,2025/1/31,193,令和7年1月15日,909790,,NO,,,[振伝],,,,,諸口,,,,,24942,,,,24942,16386776,㈱ﾋﾞｼﾞｮﾅﾘｰﾏｰｹﾃｨﾝｸﾞ　紹介報酬　12月,,,,,
[明細行],,きらぼし/経理(0685540),,2025/1/31,200,令和7年1月20日,911087,,NO,,,[振伝],,,,,きらぼし/給与(0689559),,,,,,,6000000,,-6000000,10386776,資金移動(きらぼし経理→きらぼし給与),,,,,
[明細行],,きらぼし/経理(0685540),,2025/2/6,255,令和7年2月6日,916728,,NO,,,[振伝],,,,,きらぼし/ｻﾎﾟｰﾄ(0685551),,,,,1600000,,,,1600000,11986776,資金移動(きらぼしｻﾎﾟｰﾄ→きらぼし経理),,,,,
[明細行],,きらぼし/経理(0685540),,2025/2/10,219,令和7年1月31日,913092,,NO,,,[振伝],,,,,未払金,1月販管費,,,,,,5500,,-5500,11981276,きらぼしﾋﾞｼﾞﾈｽﾈｯﾄ　利用料　1月,,,,,
[明細行],,きらぼし/経理(0685540),,2025/2/10,219,令和7年1月31日,913093,,NO,,,[振伝],,,,,未払金,1月販管費,,,,,,2200,,-2200,11979076,きらぼし外為ﾈｯﾄ　利用料　1月,,,,,
[明細行],,きらぼし/経理(0685540),,2025/2/10,226,令和7年2月4日,913287,,NO,,,[振伝],,,,,支払手数料,国内振込･引出手数料,,課対仕入10%,内税,,,3080,,-3080,11975996,給与振込手数料,適格,100%,,,
[明細行],,きらぼし/経理(0685540),,2025/2/10,254,令和7年2月12日,918461,,NO,,,[振伝],,,,,支払手数料,国内振込･引出手数料,,課対仕入10%,内税,,,440,,-440,11975556,振込手数料,適格,100%,,,
[明細行],,きらぼし/経理(0685540),,2025/2/14,196,令和7年2月17日,920366,,NO,,,[振伝],,,,,諸口,,,,,742513,,,,742513,12718069,"㈱TED　立替金,販売報酬　12月",,,,,
[明細行],,きらぼし/経理(0685540),,2025/2/15,270,令和7年2月17日,920025,,NO,,,[振伝],,,,,受取利息,銀行預金,,非課売上,,8284,,,,8284,12726353,受取利息,,,,,
[明細行],,きらぼし/経理(0685540),,2025/2/17,163,令和7年2月4日,913348,,NO,,,[振伝],,,,,売掛金,㈱ｲﾝﾀｰｽﾍﾟｰｽ(ｱｸｾｽﾄﾚｰﾄﾞ),,,,15400,,,,15400,12741753,㈱ｲﾝﾀｰｽﾍﾟｰｽ(ｱｸｾｽﾄﾚｰﾄﾞ)　紹介報酬　12月,,,,,
[明細行],,きらぼし/経理(0685540),,2025/2/21,264,令和7年2月13日,919696,,NO,,,[振伝],,,,,みずほ/神田駅前決2386791,,,,,30000000,,,,30000000,42741753,資金移動(みずほ→きらぼし経理),,,,,
[明細行],,きらぼし/経理(0685540),,2025/2/25,131,令和7年2月20日,921474,,NO,,,[振伝],,,,,未払金,12月業務提携費,,,,,,5994,,-5994,42735759,㈱ｽｶｲ　業務提携費　12月,,,,,
[明細行],,きらぼし/経理(0685540),,2025/2/25,131,令和7年2月20日,921475,,NO,,,[振伝],,,,,未払金,12月業務提携費,,,,,,275,,-275,42735484,振込手数料(先方負担),,,,,
[明細行],,きらぼし/経理(0685540),,2025/2/25,131,令和7年2月20日,921476,,NO,,,[振伝],,,,,未払金,12月業務提携費,,,,,,9908,,-9908,42725576,㈱Fied　業務提携費　12月,,,,,
[明細行],,きらぼし/経理(0685540),,2025/2/25,131,令和7年2月20日,921477,,NO,,,[振伝],,,,,未払金,12月業務提携費,,,,,,275,,-275,42725301,振込手数料(先方負担),,,,,
[明細行],,きらぼし/経理(0685540),,2025/2/25,131,令和7年2月20日,921478,,NO,,,[振伝],,,,,諸口,,,,,,,911432,,-911432,41813869,(同)ｼｴｽﾀ　合計,,,,,
[明細行],,きらぼし/経理(0685540),,2025/2/25,131,令和7年2月20日,921483,,NO,,,[振伝],,,,,諸口,,,,,,,440,,-440,41813429,振込手数料(先方負担),,,,,
[明細行],,きらぼし/経理(0685540),,2025/2/25,131,令和7年2月20日,921484,,NO,,,[振伝],,,,,諸口,,,,,,,290448,,-290448,41522981,㈱ｸｲﾝﾋﾞｰ　合計,,,,,
[明細行],,きらぼし/経理(0685540),,2025/2/25,131,令和7年2月20日,921487,,NO,,,[振伝],,,,,諸口,,,,,,,440,,-440,41522541,振込手数料(先方負担),,,,,
[明細行],,きらぼし/経理(0685540),,2025/2/25,131,令和7年2月20日,921488,,NO,,,[振伝],,,,,諸口,,,,,,,654132,,-654132,40868409,東川高子　合計,,,,,
[明細行],,きらぼし/経理(0685540),,2025/2/25,131,令和7年2月20日,921491,,NO,,,[振伝],,,,,諸口,,,,,,,440,,-440,40867969,振込手数料(先方負担),,,,,
[明細行],,きらぼし/経理(0685540),,2025/2/25,131,令和7年2月20日,921492,,NO,,,[振伝],,,,,諸口,,,,,,,126034,,-126034,40741935,ﾄﾘｵｱｾｯﾄﾏﾈｼﾞﾒﾝﾄ㈱　合計　,,,,,
[明細行],,きらぼし/経理(0685540),,2025/2/25,131,令和7年2月20日,921496,,NO,,,[振伝],,,,,支払手数料,国内振込･引出手数料,,課対仕入10%,内税,,,440,,-440,40741495,振込手数料(RES負担)　,適格,100%,,,
[明細行],,きらぼし/経理(0685540),,2025/2/25,131,令和7年2月20日,921497,,NO,,,[振伝],,,,,諸口,,,,,,,82143,,-82143,40659352,ｽﾄｯｸｼﾞｬｰﾅﾙ㈱　合計,,,,,
[明細行],,きらぼし/経理(0685540),,2025/2/25,131,令和7年2月20日,921499,,NO,,,[振伝],,,,,諸口,,,,,,,440,,-440,40658912,振込手数料(先方負担),,,,,
[明細行],,きらぼし/経理(0685540),,2025/2/25,131,令和7年2月20日,921500,,NO,,,[振伝],,,,,諸口,,,,,,,325162,,-325162,40333750,二階堂直樹　合計,,,,,
[明細行],,きらぼし/経理(0685540),,2025/2/25,131,令和7年2月20日,921503,,NO,,,[振伝],,,,,諸口,,,,,,,440,,-440,40333310,振込手数料(先方負担),,,,,
[明細行],,きらぼし/経理(0685540),,2025/2/25,131,令和7年2月20日,921504,,NO,,,[振伝],,,,,諸口,,,,,,,19073,,-19073,40314237,㈱rewrite　合計,,,,,
[明細行],,きらぼし/経理(0685540),,2025/2/25,131,令和7年2月20日,921508,,NO,,,[振伝],,,,,諸口,,,,,,,275,,-275,40313962,振込手数料,,,,,
[明細行],,きらぼし/経理(0685540),,2025/2/25,131,令和7年2月20日,921509,,NO,,,[振伝],,,,,諸口,,,,,,,2438,,-2438,40311524,㈱JUNG 業務提携費 12月,,,,,
[明細行],,きらぼし/経理(0685540),,2025/2/25,131,令和7年2月20日,921511,,NO,,,[振伝],,,,,諸口,,,,,,,275,,-275,40311249,振込手数料,,,,,
[明細行],,きらぼし/経理(0685540),,2025/2/25,153,令和7年2月20日,921790,,NO,,,[振伝],,,,,諸口,,,,,697017,,,,697017,41008266,㈱ｼﾞｪｲ･ｱｲ･ｴｽ　ﾏｰｹﾃｨﾝｸﾞ代行費・立替金　1月,,,,,
[明細行],,きらぼし/経理(0685540),,2025/2/25,195,令和7年2月13日,919671,,NO,,,[振伝],,,,,諸口,,,,,,,6992500,,-6992500,34015766,8 BOX PTE. LTD.　業務提携費　11月,,,,,
[明細行],,きらぼし/経理(0685540),,2025/2/25,195,令和7年2月13日,919673,,NO,,,[振伝],,,,,諸口,,,,,,,7500,,-7500,34008266,8 BOX PTE. LTD.　業務提携費　11月　　海外送金手数料(先方負担),,,,,
[明細行],,きらぼし/経理(0685540),,2025/2/25,201,令和7年2月25日,922318,,NO,,,[振伝],,,,,諸口,,,,,,,5256202,,-5256202,28752064,PEAK ONE. LLC　合計,,,,,
[明細行],,きらぼし/経理(0685540),,2025/2/25,201,令和7年2月25日,922326,,NO,,,[振伝],,,,,諸口,,,,,,,6866,,-6866,28745198,海外送金手数料　先方負担,,,,,
[明細行],,きらぼし/経理(0685540),,2025/2/25,201,令和7年2月25日,922327,,NO,,,[振伝],,,,,支払手数料,海外送金手数料,,,,,,262,,-262,28744936,海外送金手数料　差額自社負担,,,,,
[明細行],,きらぼし/経理(0685540),,2025/2/25,216,令和7年2月20日,921647,,NO,,,[振伝],,,,,諸口,,,,,,,344683,,-344683,28400253,㈱ｼﾞｪｲ･ｱｲ･ｴｽ　1月,,,,,
[明細行],,きらぼし/経理(0685540),,2025/2/25,216,令和7年2月20日,921651,,NO,,,[振伝],,,,,未払金,1月販管費,,,,,,4950,,-4950,28395303,㈱MIOﾜｰｸｽ　商品保管料・在庫管理費　1月,,,,,
[明細行],,きらぼし/経理(0685540),,2025/2/25,216,令和7年2月20日,921652,,NO,,,[振伝],,,,,支払手数料,国内振込･引出手数料,,課対仕入10%,内税,,,275,,-275,28395028,振込手数料,適格,100%,,,
[明細行],,きらぼし/経理(0685540),,2025/2/25,216,令和7年2月20日,921653,,NO,,,[振伝],,,,,未払金,1月販管費,,,,,,4000000,,-4000000,24395028,(同)KUWADATE　ﾏｰｹﾃｨﾝｸﾞｺﾝｻﾙﾃｨﾝｸﾞ報酬　1月,,,,,
[明細行],,きらぼし/経理(0685540),,2025/2/25,216,令和7年2月20日,921654,,NO,,,[振伝],,,,,支払手数料,国内振込･引出手数料,,課対仕入10%,内税,,,440,,-440,24394588,振込手数料,適格,100%,,,
[明細行],,きらぼし/経理(0685540),,2025/2/25,216,令和7年2月20日,921655,,NO,,,[振伝],,,,,諸口,,,,,,,44895,,-44895,24349693,山岸優希　ﾒﾃﾞｨｱﾃﾞｨﾚｸｼｮﾝ費･広告運用代行　1月,,,,,
[明細行],,きらぼし/経理(0685540),,2025/2/25,216,令和7年2月20日,921658,,NO,,,[振伝],,,,,支払手数料,国内振込･引出手数料,,課対仕入10%,内税,,,440,,-440,24349253,振込手数料,適格,100%,,,
[明細行],,きらぼし/経理(0685540),,2025/2/25,216,令和7年2月20日,921659,,NO,,,[振伝],,,,,諸口,,,,,,,0,,0,24349253,牧浦匠孝　動画撮影業務　1月　齊藤先生,,,,,
[明細行],,きらぼし/経理(0685540),,2025/2/25,216,令和7年2月20日,921662,,NO,,,[振伝],,,,,支払手数料,国内振込･引出手数料,,課対仕入10%,内税,,,0,,0,24349253,振込手数料,適格,100%,,,
[明細行],,きらぼし/経理(0685540),,2025/2/25,216,令和7年2月20日,921663,,NO,,,[振伝],,,,,諸口,,,,,,,71832,,-71832,24277421,李彩玲　ﾏｰｹﾃｨﾝｸﾞ業務等　1月,,,,,
[明細行],,きらぼし/経理(0685540),,2025/2/25,216,令和7年2月20日,921666,,NO,,,[振伝],,,,,支払手数料,国内振込･引出手数料,,課対仕入10%,内税,,,440,,-440,24276981,振込手数料,適格,100%,,,
[明細行],,きらぼし/経理(0685540),,2025/2/25,216,令和7年2月20日,921667,,NO,,,[振伝],,,,,諸口,,,,,,,250000,,-250000,24026981,(同)ﾌﾟﾛﾗﾘｰ 老皇平　ﾏｰｹﾃｨﾝｸﾞ業務　1月,,,,,
[明細行],,きらぼし/経理(0685540),,2025/2/25,216,令和7年2月20日,921670,,NO,,,[振伝],,,,,支払手数料,国内振込･引出手数料,,課対仕入10%,内税,,,440,,-440,24026541,振込手数料,適格,100%,,,
[明細行],,きらぼし/経理(0685540),,2025/2/25,216,令和7年2月20日,921671,,NO,,,[振伝],,,,,諸口,,,,,,,291502,,-291502,23735039,並木優佳　WEB制作・立替交通費　1月,,,,,
[明細行],,きらぼし/経理(0685540),,2025/2/25,216,令和7年2月20日,921677,,NO,,,[振伝],,,,,支払手数料,国内振込･引出手数料,,課対仕入10%,内税,,,440,,-440,23734599,振込手数料,適格,100%,,,
[明細行],,きらぼし/経理(0685540),,2025/2/25,216,令和7年2月20日,921678,,NO,,,[振伝],,,,,諸口,,,,,,,15467,,-15467,23719132,坂田朱里　WEB制作業務･立替交通費　1月,,,,,
[明細行],,きらぼし/経理(0685540),,2025/2/25,216,令和7年2月20日,921681,,NO,,,[振伝],,,,,支払手数料,国内振込･引出手数料,,課対仕入10%,内税,,,275,,-275,23718857,振込手数料,適格,100%,,,
[明細行],,きらぼし/経理(0685540),,2025/2/25,216,令和7年2月20日,921682,,NO,,,[振伝],,,,,諸口,,,,,,,44895,,-44895,23673962,福本明里　WEB制作業務･立替交通費　1月,,,,,
[明細行],,きらぼし/経理(0685540),,2025/2/25,216,令和7年2月20日,921685,,NO,,,[振伝],,,,,支払手数料,国内振込･引出手数料,,課対仕入10%,内税,,,440,,-440,23673522,振込手数料,適格,100%,,,
[明細行],,きらぼし/経理(0685540),,2025/2/25,216,令和7年2月20日,921686,,NO,,,[振伝],,,,,諸口,,,,,,,315810,,-315810,23357712,榎本健志朗　WEB制作業務･立替交通費　1月,,,,,
[明細行],,きらぼし/経理(0685540),,2025/2/25,216,令和7年2月20日,921692,,NO,,,[振伝],,,,,支払手数料,国内振込･引出手数料,,課対仕入10%,内税,,,440,,-440,23357272,振込手数料,適格,100%,,,
[明細行],,きらぼし/経理(0685540),,2025/2/25,216,令和7年2月20日,921693,,NO,,,[振伝],,,,,諸口,,,,,,,213889,,-213889,23143383,藤井信行　WEB制作業務　1月,,,,,
[明細行],,きらぼし/経理(0685540),,2025/2/25,216,令和7年2月20日,921696,,NO,,,[振伝],,,,,支払手数料,国内振込･引出手数料,,課対仕入10%,内税,,,440,,-440,23142943,振込手数料,適格,100%,,,
[明細行],,きらぼし/経理(0685540),,2025/2/25,216,令和7年2月20日,921697,,NO,,,[振伝],,,,,諸口,,,,,,,269370,,-269370,22873573,井上亮平　WEB制作業務　1月,,,,,
[明細行],,きらぼし/経理(0685540),,2025/2/25,216,令和7年2月20日,921700,,NO,,,[振伝],,,,,支払手数料,国内振込･引出手数料,,課対仕入10%,内税,,,440,,-440,22873133,振込手数料,適格,100%,,,
[明細行],,きらぼし/経理(0685540),,2025/2/25,216,令和7年2月20日,921701,,NO,,,[振伝],,,,,未払金,1月販管費,,,,,,38850,,-38850,22834283,一ノ瀬友啓　WEB制作業務　1月,,,,,
[明細行],,きらぼし/経理(0685540),,2025/2/25,216,令和7年2月20日,921702,,NO,,,[振伝],,,,,支払手数料,国内振込･引出手数料,,課対仕入10%,内税,,,440,,-440,22833843,振込手数料,適格,100%,,,
[明細行],,きらぼし/経理(0685540),,2025/2/25,216,令和7年2月20日,921703,,NO,,,[振伝],,,,,諸口,,,,,,,89790,,-89790,22744053,冨永明子　ﾏｰｹﾃｨﾝｸﾞ業務等　1月,,,,,
[明細行],,きらぼし/経理(0685540),,2025/2/25,216,令和7年2月20日,921706,,NO,,,[振伝],,,,,支払手数料,国内振込･引出手数料,,課対仕入10%,内税,,,440,,-440,22743613,振込手数料,適格,100%,,,
[明細行],,きらぼし/経理(0685540),,2025/2/25,216,令和7年2月20日,921707,,NO,,,[振伝],,,,,未払金,1月販管費,,,,,,100000,,-100000,22643613,石垣吉規　SEO対策費用　1月,,,,,
[明細行],,きらぼし/経理(0685540),,2025/2/25,216,令和7年2月20日,921708,,NO,,,[振伝],,,,,支払手数料,国内振込･引出手数料,,課対仕入10%,内税,,,440,,-440,22643173,振込手数料,適格,100%,,,
[明細行],,きらぼし/経理(0685540),,2025/2/25,216,令和7年2月20日,921709,,NO,,,[振伝],,,,,未払金,1月販管費,,,,,,173138,,-173138,22470035,秋池沙織　顧客対応業務　1月,,,,,
[明細行],,きらぼし/経理(0685540),,2025/2/25,216,令和7年2月20日,921710,,NO,,,[振伝],,,,,支払手数料,国内振込･引出手数料,,課対仕入10%,内税,,,440,,-440,22469595,振込手数料,適格,100%,,,
[明細行],,きらぼし/経理(0685540),,2025/2/25,216,令和7年2月20日,921711,,NO,,,[振伝],,,,,諸口,,,,,,,121217,,-121217,22348378,紙谷仁　動画編集業務　1月,,,,,
[明細行],,きらぼし/経理(0685540),,2025/2/25,216,令和7年2月20日,921718,,NO,,,[振伝],,,,,支払手数料,国内振込･引出手数料,,課対仕入10%,内税,,,440,,-440,22347938,振込手数料,適格,100%,,,
[明細行],,きらぼし/経理(0685540),,2025/2/25,216,令和7年2月20日,921719,,NO,,,[振伝],,,,,諸口,,,,,,,20203,,-20203,22327735,池松暖仁　動画編集業務　1月,,,,,
[明細行],,きらぼし/経理(0685540),,2025/2/25,216,令和7年2月20日,921722,,NO,,,[振伝],,,,,支払手数料,国内振込･引出手数料,,課対仕入10%,内税,,,275,,-275,22327460,振込手数料,適格,100%,,,
[明細行],,きらぼし/経理(0685540),,2025/2/25,216,令和7年2月20日,921723,,NO,,,[振伝],,,,,諸口,,,,,,,11699,,-11699,22315761,樋口勇輝　動画編集業務　1月　風間先生,,,,,
[明細行],,きらぼし/経理(0685540),,2025/2/25,216,令和7年2月20日,921727,,NO,,,[振伝],,,,,支払手数料,国内振込･引出手数料,,課対仕入10%,内税,,,275,,-275,22315486,振込手数料,適格,100%,,,
[明細行],,きらぼし/経理(0685540),,2025/2/25,216,令和7年2月20日,921728,,NO,,,[振伝],,,,,未払金,1月販管費,,,,,,29150,,-29150,22286336,㈱ｸﾘｰﾄ　動画制作費用　1月　自社,,,,,
[明細行],,きらぼし/経理(0685540),,2025/2/25,216,令和7年2月20日,921729,,NO,,,[振伝],,,,,支払手数料,国内振込･引出手数料,,課対仕入10%,内税,,,275,,-275,22286061,振込手数料,適格,100%,,,
[明細行],,きらぼし/経理(0685540),,2025/2/25,216,令和7年2月20日,921730,,NO,,,[振伝],,,,,諸口,,,,,,,41912,,-41912,22244149,ﾊｰﾓﾆｰｳﾞｫｲｽ中村麻里　(同)ｼｴｽﾀ　委託費･立替経費 1月 自社100%負担,,,,,
[明細行],,きらぼし/経理(0685540),,2025/2/25,216,令和7年2月20日,921733,,NO,,,[振伝],,,,,支払手数料,国内振込･引出手数料,,課対仕入10%,内税,,,440,,-440,22243709,振込手数料,適格,100%,,,
[明細行],,きらぼし/経理(0685540),,2025/2/25,216,令和7年2月20日,921734,,NO,,,[振伝],,,,,諸口,,,,,,,110550,,-110550,22133159,中西智広　Mr.Kﾏﾈｰｼﾞｬｰ業務　1月,,,,,
[明細行],,きらぼし/経理(0685540),,2025/2/25,216,令和7年2月20日,921737,,NO,,,[振伝],,,,,支払手数料,国内振込･引出手数料,,課対仕入10%,内税,,,440,,-440,22132719,振込手数料,適格,100%,,,
[明細行],,きらぼし/経理(0685540),,2025/2/25,216,令和7年2月20日,921738,,NO,,,[振伝],,,,,未払金,1月販管費,,,,,,500000,,-500000,21632719,(同)Stella ﾏｰｹﾃｨﾝｸﾞｺﾝｻﾙﾃｨﾝｸﾞ業務　1月,,,,,
[明細行],,きらぼし/経理(0685540),,2025/2/25,216,令和7年2月20日,921739,,NO,,,[振伝],,,,,支払手数料,国内振込･引出手数料,,課対仕入10%,内税,,,440,,-440,21632279,振込手数料,適格,100%,,,
[明細行],,きらぼし/経理(0685540),,2025/2/25,216,令和7年2月20日,921740,,NO,,,[振伝],,,,,未払金,1月販管費,,,,,,33000,,-33000,21599279,㈱E-Voice　ｽﾄｯｸｼﾞｬｰﾅﾙ㈱　動画出演料　1月　自社100%負担,,,,,
[明細行],,きらぼし/経理(0685540),,2025/2/25,216,令和7年2月20日,921741,,NO,,,[振伝],,,,,支払手数料,国内振込･引出手数料,,課対仕入10%,内税,,,440,,-440,21598839,振込手数料,適格,100%,,,
[明細行],,きらぼし/経理(0685540),,2025/2/25,216,令和7年2月20日,921742,,NO,,,[振伝],,,,,未払金,1月販管費,,,,,,44000,,-44000,21554839,㈱ﾗｯｼｭ　(同)ｼｴｽﾀｾﾐﾅｰ司会　1月　自社100％負担,,,,,
[明細行],,きらぼし/経理(0685540),,2025/2/25,216,令和7年2月20日,921743,,NO,,,[振伝],,,,,支払手数料,国内振込･引出手数料,,課対仕入10%,内税,,,440,,-440,21554399,振込手数料,適格,100%,,,
[明細行],,きらぼし/経理(0685540),,2025/2/25,216,令和7年2月20日,921744,,NO,,,[振伝],,,,,諸口,,,,,,,190892,,-190892,21363507,㈱ASUPARA　営業代行費･郵送費･通話料　1月,,,,,
[明細行],,きらぼし/経理(0685540),,2025/2/25,216,令和7年2月20日,921749,,NO,,,[振伝],,,,,支払手数料,国内振込･引出手数料,,課対仕入10%,内税,,,440,,-440,21363067,振込手数料,適格,100%,,,
[明細行],,きらぼし/経理(0685540),,2025/2/25,216,令和7年2月20日,921750,,NO,,,[振伝],,,,,外注費,ｵｰﾄﾏﾁｯｸﾄﾚｰﾄﾞ㈱,,課対仕入10%,内税,,,220000,,-220000,21143067,ｵｰﾄﾏﾁｯｸﾄﾚｰﾄﾞ㈱　ｽｸﾘｰﾆﾝｸﾞｿﾌﾄ月額利用料　2月　PEAK ONE. LLC,適格,100%,,,
[明細行],,きらぼし/経理(0685540),,2025/2/25,216,令和7年2月20日,921751,,NO,,,[振伝],,,,,支払手数料,国内振込･引出手数料,,課対仕入10%,内税,,,440,,-440,21142627,振込手数料,適格,100%,,,
[明細行],,きらぼし/経理(0685540),,2025/2/25,216,令和7年2月20日,921752,,NO,,,[振伝],,,,,未払金,ﾊﾞﾘｭｰｸﾘｴｰｼｮﾝ㈱,,,,,,444935,,-444935,20697692,ﾊﾞﾘｭｰｸﾘｴｰｼｮﾝ㈱　広告費･運用費　1月　(同)ｼｴｽﾀ,,,,,
[明細行],,きらぼし/経理(0685540),,2025/2/25,216,令和7年2月20日,921753,,NO,,,[振伝],,,,,支払手数料,国内振込･引出手数料,,課対仕入10%,内税,,,440,,-440,20697252,振込手数料,適格,100%,,,
[明細行],,きらぼし/経理(0685540),,2025/2/25,216,令和7年2月20日,921754,,NO,,,[振伝],,,,,諸口,,,,,,,781000,,-781000,19916252,㈱DYMｷｬﾘｱ　業務委託費　2月,,,,,
[明細行],,きらぼし/経理(0685540),,2025/2/25,216,令和7年2月20日,921757,,NO,,,[振伝],,,,,支払手数料,国内振込･引出手数料,,課対仕入10%,内税,,,440,,-440,19915812,振込手数料,適格,100%,,,
[明細行],,きらぼし/経理(0685540),,2025/2/25,216,令和7年2月20日,921758,,NO,,,[振伝],,,,,諸口,,,,,,,49895,,-49895,19865917,法律事務所ｲｵﾀ前川晶　顧問報酬　2月,,,,,
[明細行],,きらぼし/経理(0685540),,2025/2/25,216,令和7年2月20日,921761,,NO,,,[振伝],,,,,支払手数料,国内振込･引出手数料,,共対仕入10%,内税,,,440,,-440,19865477,振込手数料,適格,100%,,,
[明細行],,きらぼし/経理(0685540),,2025/2/25,216,令和7年2月20日,921762,,NO,,,[振伝],,,,,諸口,,,,,,,24948,,-24948,19840529,降旗登税理士事務所　顧問報酬　1月,,,,,
[明細行],,きらぼし/経理(0685540),,2025/2/25,216,令和7年2月20日,921766,,NO,,,[振伝],,,,,支払手数料,国内振込･引出手数料,,共対仕入10%,内税,,,275,,-275,19840254,振込手数料,適格,100%,,,
[明細行],,きらぼし/経理(0685540),,2025/2/25,216,令和7年2月20日,921767,,NO,,,[振伝],,,,,未払金,1月販管費,,,,,,33000,,-33000,19807254,税理士法人TM総合会計事務所　顧問報酬　1月,,,,,
[明細行],,きらぼし/経理(0685540),,2025/2/25,216,令和7年2月20日,921768,,NO,,,[振伝],,,,,支払手数料,国内振込･引出手数料,,共対仕入10%,内税,,,440,,-440,19806814,振込手数料,適格,100%,,,
[明細行],,きらぼし/経理(0685540),,2025/2/25,216,令和7年2月20日,921769,,NO,,,[振伝],,,,,諸口,,,,,,,334532,,-334532,19472282,㈱DYM　和田顧問　顧問料　2月,,,,,
[明細行],,きらぼし/経理(0685540),,2025/2/25,216,令和7年2月20日,921773,,NO,,,[振伝],,,,,支払手数料,国内振込･引出手数料,,共対仕入10%,内税,,,440,,-440,19471842,振込手数料,適格,100%,,,
[明細行],,きらぼし/経理(0685540),,2025/2/25,216,令和7年2月20日,921774,,NO,,,[振伝],,,,,諸口,,,,,,,33963,,-33963,19437879,三友ｻｰﾋﾞｽ㈱　ｶﾂﾐﾋﾞﾙ電気料金(2024/12/27-2025/1/29),,,,,
[明細行],,きらぼし/経理(0685540),,2025/2/25,216,令和7年2月20日,921777,,NO,,,[振伝],,,,,支払手数料,国内振込･引出手数料,,共対仕入10%,内税,,,440,,-440,19437439,振込手数料,適格,100%,,,
[明細行],,きらぼし/経理(0685540),,2025/2/25,216,令和7年2月20日,921778,,NO,,,[振伝],,,,,諸口,,,,,,,0,,0,19437439,ｶﾂﾐﾋﾞﾙ管理組合 ｶﾂﾐﾋﾞﾙ水道料金,,,,,
[明細行],,きらぼし/経理(0685540),,2025/2/25,216,令和7年2月20日,921781,,NO,,,[振伝],,,,,支払手数料,国内振込･引出手数料,,共対仕入10%,内税,,,0,,0,19437439,振込手数料,適格,100%,,,
[明細行],,きらぼし/経理(0685540),,2025/2/25,216,令和7年2月20日,921782,,NO,,,[振伝],,,,,未払金,1月販管費,,,,,,133210,,-133210,19304229,㈱ｽｶｲ　立替費用　書籍ﾊﾟﾚｯﾄ料金・書籍発送費　1月,,,,,
[明細行],,きらぼし/経理(0685540),,2025/2/25,216,令和7年2月20日,921783,,NO,,,[振伝],,,,,支払手数料,国内振込･引出手数料,,課対仕入10%,内税,,,440,,-440,19303789,振込手数料,適格,100%,,,
[明細行],,きらぼし/経理(0685540),,2025/2/25,216,令和7年2月20日,921784,,NO,,,[振伝],,,,,未払金,1月販管費,,,,,,0,,0,19303789,㈱PR TIMES　掲載料　1月,,,,,
[明細行],,きらぼし/経理(0685540),,2025/2/25,216,令和7年2月20日,921785,,NO,,,[振伝],,,,,支払手数料,国内振込･引出手数料,,課対仕入10%,内税,,,0,,0,19303789,振込手数料,適格,100%,,,
[明細行],,きらぼし/経理(0685540),,2025/2/25,216,令和7年2月20日,921786,,NO,,,[振伝],,,,,前払費用,3月,,,,,,462000,,-462000,18841789,㈱顧問名鑑 顧問料 3月,,,,,
[明細行],,きらぼし/経理(0685540),,2025/2/25,216,令和7年2月20日,921787,,NO,,,[振伝],,,,,支払手数料,国内振込･引出手数料,,課対仕入10%,内税,,,440,,-440,18841349,振込手数料,適格,100%,,,
[明細行],,きらぼし/経理(0685540),,2025/2/25,216,令和7年2月20日,921788,,NO,,,[振伝],,,,,未払金,1月販管費,,,,,,6600,,-6600,18834749,ﾓﾛﾌｼﾞ㈱　ｵﾌｨｽ観葉植物回収費用　1月,,,,,
[明細行],,きらぼし/経理(0685540),,2025/2/25,216,令和7年2月20日,921789,,NO,,,[振伝],,,,,支払手数料,国内振込･引出手数料,,課対仕入10%,内税,,,275,,-275,18834474,振込手数料,適格,100%,,,
[明細行],,きらぼし/経理(0685540),,2025/2/25,266,令和7年2月14日,919703,,NO,,,[振伝],,,,,売掛金,㈱ｼﾞｪｲ･ｱｲ･ｴｽ(売上預け金),,,,279916,,,,279916,19114390,㈱ｼﾞｪｲ･ｱｲ･ｴｽ ﾃﾚｺﾑｸﾚｼﾞｯﾄ　ｸﾚｼﾞｯﾄｶｰﾄﾞ 売上預け金 1月,,,,,
[明細行],,きらぼし/経理(0685540),,2025/2/25,275,令和7年2月18日,920790,,NO,,,[振伝],,,,,諸口,,,,,,,53618,,-53618,19060772,児玉代表　経費精算　1月　合計,,,,,
[明細行],,きらぼし/経理(0685540),,2025/2/25,275,令和7年2月18日,920792,,NO,,,[振伝],,,,,支払手数料,国内振込･引出手数料,,共対仕入10%,内税,,,440,,-440,19060332,振込手数料,適格,100%,,,
[明細行],,きらぼし/経理(0685540),,2025/2/28,186,令和7年1月10日,909077,,NO,,,[振伝],,,,,売掛金,(同)ｼｴｽﾀ,,,,71500,,,,71500,19131832,(同)ｼｴｽﾀ　ｱﾌｨﾘｴｲﾄ売上　手数料相殺後　12月,,,,,
[明細行],,きらぼし/経理(0685540),,2025/2/28,247,令和7年2月5日,915881,,NO,,,[振伝],,,,,売掛金,㈱ﾌｧｲﾅﾝｼｬﾙｲﾝﾃﾘｼﾞｪﾝｽ,,,,4563,,,,4563,19136395,㈱ﾌｧｲﾅﾝｼｬﾙｲﾝﾃﾘｼﾞｪﾝｽ　紹介報酬　TheCatch　1月,,,,,
[明細行],,きらぼし/経理(0685540),,2025/2/28,257,令和7年2月7日,917393,,NO,,,[振伝],,,,,立替金,㈱ｽｶｲ赤字請求,,,,789,,,,789,19137184,㈱ｽｶｲ　㈱TED　THE　EARNING　分配金　赤字請求　12月,,,,,
[明細行],,きらぼし/経理(0685540),,2025/2/28,261,令和7年2月13日,919691,,NO,,,[振伝],,,,,諸口,,,,,180000,,,,180000,19317184,㈱ﾋﾞｼﾞｮﾅﾘｰﾏｰｹﾃｨﾝｸﾞ　紹介報酬　1月,,,,,
[明細行],,きらぼし/経理(0685540),,2025/2/28,263,令和7年2月13日,919695,,NO,,,[振伝],,,,,きらぼし/給与(0689559),,,,,,,5000000,,-5000000,14317184,資金移動(きらぼし経理→きらぼし給与),,,,,
[明細行],,きらぼし/経理(0685540),,2025/3/14,256,令和7年2月17日,920369,,NO,,,[振伝],,,,,諸口,,,,,30000,,,,30000,14347184,"㈱TED　立替金,販売報酬　1月",,,,,
[明細行],,きらぼし/経理(0685540),,2025/3/17,230,令和7年2月4日,913349,,NO,,,[振伝],,,,,売掛金,㈱ｲﾝﾀｰｽﾍﾟｰｽ(ｱｸｾｽﾄﾚｰﾄﾞ),,,,15400,,,,15400,14362584,㈱ｲﾝﾀｰｽﾍﾟｰｽ(ｱｸｾｽﾄﾚｰﾄﾞ)　紹介報酬　1月,,,,,
[明細行],,きらぼし/経理(0685540),,2025/3/25,202,令和7年2月20日,921512,,NO,,,[振伝],,,,,未払金,1月業務提携費,,,,,,790,,-790,14361794,㈱ｽｶｲ　業務提携費　1月,,,,,
[明細行],,きらぼし/経理(0685540),,2025/3/25,202,令和7年2月20日,921513,,NO,,,[振伝],,,,,未払金,1月業務提携費,,,,,,275,,-275,14361519,振込手数料(先方負担),,,,,
[明細行],,きらぼし/経理(0685540),,2025/3/25,202,令和7年2月20日,921514,,NO,,,[振伝],,,,,未払金,1月業務提携費,,,,,,9908,,-9908,14351611,㈱Fied　業務提携費　1月,,,,,
[明細行],,きらぼし/経理(0685540),,2025/3/25,202,令和7年2月20日,921515,,NO,,,[振伝],,,,,未払金,1月業務提携費,,,,,,275,,-275,14351336,振込手数料(先方負担),,,,,
[明細行],,きらぼし/経理(0685540),,2025/3/25,202,令和7年2月20日,921516,,NO,,,[振伝],,,,,諸口,,,,,,,1957725,,-1957725,12393611,(同)ｼｴｽﾀ　合計,,,,,
[明細行],,きらぼし/経理(0685540),,2025/3/25,202,令和7年2月20日,921519,,NO,,,[振伝],,,,,諸口,,,,,,,440,,-440,12393171,振込手数料(先方負担),,,,,
[明細行],,きらぼし/経理(0685540),,2025/3/25,202,令和7年2月20日,921520,,NO,,,[振伝],,,,,諸口,,,,,,,2030173,,-2030173,10362998,㈱ｸｲﾝﾋﾞｰ　合計,,,,,
[明細行],,きらぼし/経理(0685540),,2025/3/25,202,令和7年2月20日,921523,,NO,,,[振伝],,,,,諸口,,,,,,,440,,-440,10362558,振込手数料(先方負担),,,,,
[明細行],,きらぼし/経理(0685540),,2025/3/25,202,令和7年2月20日,921524,,NO,,,[振伝],,,,,諸口,,,,,,,0,,0,10362558,東川高子　合計,,,,,
[明細行],,きらぼし/経理(0685540),,2025/3/25,202,令和7年2月20日,921527,,NO,,,[振伝],,,,,諸口,,,,,,,0,,0,10362558,振込手数料(先方負担),,,,,
[明細行],,きらぼし/経理(0685540),,2025/3/25,202,令和7年2月20日,921528,,NO,,,[振伝],,,,,諸口,,,,,,,4065477,,-4065477,6297081,ﾄﾘｵｱｾｯﾄﾏﾈｼﾞﾒﾝﾄ㈱　合計　,,,,,
[明細行],,きらぼし/経理(0685540),,2025/3/25,202,令和7年2月20日,921531,,NO,,,[振伝],,,,,支払手数料,国内振込･引出手数料,,課対仕入10%,内税,,,440,,-440,6296641,振込手数料(RES負担)　,適格,100%,,,
[明細行],,きらぼし/経理(0685540),,2025/3/25,202,令和7年2月20日,921532,,NO,,,[振伝],,,,,諸口,,,,,,,71387,,-71387,6225254,ｽﾄｯｸｼﾞｬｰﾅﾙ㈱　合計,,,,,
[明細行],,きらぼし/経理(0685540),,2025/3/25,202,令和7年2月20日,921534,,NO,,,[振伝],,,,,諸口,,,,,,,440,,-440,6224814,振込手数料(先方負担),,,,,
[明細行],,きらぼし/経理(0685540),,2025/3/25,202,令和7年2月20日,921535,,NO,,,[振伝],,,,,諸口,,,,,,,0,,0,6224814,二階堂直樹　合計,,,,,
[明細行],,きらぼし/経理(0685540),,2025/3/25,202,令和7年2月20日,921538,,NO,,,[振伝],,,,,諸口,,,,,,,0,,0,6224814,振込手数料(先方負担),,,,,
[明細行],,きらぼし/経理(0685540),,2025/3/25,202,令和7年2月20日,921539,,NO,,,[振伝],,,,,諸口,,,,,,,28362,,-28362,6196452,㈱rewrite　合計,,,,,
[明細行],,きらぼし/経理(0685540),,2025/3/25,202,令和7年2月20日,921543,,NO,,,[振伝],,,,,諸口,,,,,,,275,,-275,6196177,振込手数料,,,,,
[明細行],,きらぼし/経理(0685540),,2025/3/25,202,令和7年2月20日,921544,,NO,,,[振伝],,,,,諸口,,,,,,,2438,,-2438,6193739,㈱JUNG 業務提携費 1月,,,,,
[明細行],,きらぼし/経理(0685540),,2025/3/25,202,令和7年2月20日,921546,,NO,,,[振伝],,,,,諸口,,,,,,,275,,-275,6193464,振込手数料,,,,,
[明細行],,きらぼし/経理(0685540),,2025/3/25,208,令和7年1月21日,912279,,NO,,,[振伝],,,,,諸口,,,,,,,6992500,,-6992500,-799036,8 BOX PTE. LTD.　業務提携費　12月,,,,,
[明細行],,きらぼし/経理(0685540),,2025/3/25,208,令和7年1月21日,912281,,NO,,,[振伝],,,,,諸口,,,,,,,7500,,-7500,-806536,8 BOX PTE. LTD.　業務提携費　12月　　海外送金手数料(先方負担),,,,,
[明細行],,きらぼし/経理(0685540),,2025/3/25,237,令和7年2月18日,920777,,NO,,,[振伝],,,,,諸口,,,,,200904,,,,200904,-605632,㈱ｼﾞｪｲ･ｱｲ･ｴｽ　ﾏｰｹﾃｨﾝｸﾞ代行費・立替金　2月,,,,,
[明細行],,きらぼし/経理(0685540),,2025/3/25,268,令和7年2月18日,920387,,NO,,,[振伝],,,,,諸口,,,,,,,9582279,,-9582279,-10187911,PEAK ONE. LLC　合計,,,,,
[明細行],,きらぼし/経理(0685540),,2025/3/25,268,令和7年2月18日,920395,,NO,,,[振伝],,,,,諸口,,,,,,,7500,,-7500,-10195411,海外送金手数料　先方負担,,,,,
[明細行],,きらぼし/経理(0685540),,2025/3/25,268,令和7年2月18日,920396,,NO,,,[振伝],,,,,支払手数料,海外送金手数料,,,,,,0,,0,-10195411,海外送金手数料　差額自社負担,,,,,
[明細行],,きらぼし/経理(0685540),,2025/3/31,246,令和7年2月5日,915863,,NO,,,[振伝],,,,,売掛金,ﾄﾘｵｱｾｯﾄﾏﾈｼﾞﾒﾝﾄ(銀振売上),,,,330000,,,,330000,-9865411,ﾄﾘｵｱｾｯﾄﾏﾈｼﾞﾒﾝﾄ㈱　業務提携報酬　1月,,,,,
[明細行],,きらぼし/経理(0685540),,2025/3/31,250,令和7年2月6日,916243,,NO,,,[振伝],,,,,売掛金,(同)ｼｴｽﾀ,,,,71500,,,,71500,-9793911,(同)ｼｴｽﾀ　ｱﾌｨﾘｴｲﾄ売上　手数料相殺後　1月,,,,,
[明細行],,きらぼし/経理(0685540),,2025/4/25,267,令和7年2月17日,919886,,NO,,,[振伝],,,,,未払金,2月業務提携費,,,,,,0,,0,-9793911,㈱ｽｶｲ　業務提携費　2月,,,,,
[明細行],,きらぼし/経理(0685540),,2025/4/25,267,令和7年2月17日,919888,,NO,,,[振伝],,,,,諸口,,,,,,,0,,0,-9793911,振込手数料(先方負担),,,,,
[明細行],,きらぼし/経理(0685540),,2025/4/25,267,令和7年2月17日,919889,,NO,,,[振伝],,,,,未払金,2月業務提携費,,,,,,0,,0,-9793911,㈱Fied　業務提携費　2月,,,,,
[明細行],,きらぼし/経理(0685540),,2025/4/25,267,令和7年2月17日,919890,,NO,,,[振伝],,,,,諸口,,,,,,,0,,0,-9793911,振込手数料(先方負担),,,,,
[明細行],,きらぼし/経理(0685540),,2025/4/25,267,令和7年2月17日,919891,,NO,,,[振伝],,,,,諸口,,,,,,,0,,0,-9793911,(同)ｼｴｽﾀ　合計,,,,,
[明細行],,きらぼし/経理(0685540),,2025/4/25,267,令和7年2月17日,919894,,NO,,,[振伝],,,,,諸口,,,,,,,0,,0,-9793911,振込手数料(先方負担),,,,,
[明細行],,きらぼし/経理(0685540),,2025/4/25,267,令和7年2月17日,919895,,NO,,,[振伝],,,,,諸口,,,,,,,0,,0,-9793911,㈱ｸｲﾝﾋﾞｰ　合計,,,,,
[明細行],,きらぼし/経理(0685540),,2025/4/25,267,令和7年2月17日,919898,,NO,,,[振伝],,,,,諸口,,,,,,,0,,0,-9793911,振込手数料(先方負担),,,,,
[明細行],,きらぼし/経理(0685540),,2025/4/25,267,令和7年2月17日,919899,,NO,,,[振伝],,,,,諸口,,,,,,,0,,0,-9793911,東川高子　合計,,,,,
[明細行],,きらぼし/経理(0685540),,2025/4/25,267,令和7年2月17日,919903,,NO,,,[振伝],,,,,諸口,,,,,,,0,,0,-9793911,振込手数料(先方負担),,,,,
[明細行],,きらぼし/経理(0685540),,2025/4/25,267,令和7年2月17日,919904,,NO,,,[振伝],,,,,諸口,,,,,,,0,,0,-9793911,ﾄﾘｵｱｾｯﾄﾏﾈｼﾞﾒﾝﾄ㈱　合計　,,,,,
[明細行],,きらぼし/経理(0685540),,2025/4/25,267,令和7年2月17日,919907,,NO,,,[振伝],,,,,支払手数料,国内振込･引出手数料,,課対仕入10%,内税,,,0,,0,-9793911,振込手数料(RES負担)　,適格,100%,,,
[明細行],,きらぼし/経理(0685540),,2025/4/25,267,令和7年2月17日,919908,,NO,,,[振伝],,,,,諸口,,,,,,,0,,0,-9793911,ｽﾄｯｸｼﾞｬｰﾅﾙ㈱　合計,,,,,
[明細行],,きらぼし/経理(0685540),,2025/4/25,267,令和7年2月17日,919910,,NO,,,[振伝],,,,,諸口,,,,,,,0,,0,-9793911,振込手数料(先方負担),,,,,
[明細行],,きらぼし/経理(0685540),,2025/4/25,267,令和7年2月17日,919911,,NO,,,[振伝],,,,,諸口,,,,,,,0,,0,-9793911,二階堂直樹　合計,,,,,
[明細行],,きらぼし/経理(0685540),,2025/4/25,267,令和7年2月17日,919914,,NO,,,[振伝],,,,,諸口,,,,,,,0,,0,-9793911,振込手数料(先方負担),,,,,
[明細行],,きらぼし/経理(0685540),,2025/4/25,267,令和7年2月17日,919915,,NO,,,[振伝],,,,,諸口,,,,,,,0,,0,-9793911,㈱rewrite　合計,,,,,
[明細行],,きらぼし/経理(0685540),,2025/4/25,267,令和7年2月17日,919919,,NO,,,[振伝],,,,,諸口,,,,,,,0,,0,-9793911,振込手数料,,,,,
[明細行],,きらぼし/経理(0685540),,2025/4/25,269,令和7年2月17日,920020,,NO,,,[振伝],,,,,諸口,,,,,,,575970,,-575970,-10369881,8 BOX PTE. LTD.　業務提携費　1月　支払完了★,,,,,
[明細行],,きらぼし/経理(0685540),,2025/4/25,269,令和7年2月17日,920022,,NO,,,[振伝],,,,,諸口,,,,,,,7500,,-7500,-10377381,8 BOX PTE. LTD.業務提携費1月海外送金手数料(先方負担)★手数料確認,,,,,
